/*
Navicat MySQL Data Transfer

Source Server         : localhost
Source Server Version : 50620
Source Host           : localhost:3307
Source Database       : telesales

Target Server Type    : MYSQL
Target Server Version : 50620
File Encoding         : 65001

Date: 2016-10-07 16:49:59
*/

SET FOREIGN_KEY_CHECKS=0;

-- ----------------------------
-- Table structure for configuration
-- ----------------------------
DROP TABLE IF EXISTS `configuration`;
CREATE TABLE `configuration` (
  `id` int(11) NOT NULL AUTO_INCREMENT,
  `name` varchar(255) DEFAULT NULL,
  `value` varchar(255) DEFAULT NULL,
  `input_date` timestamp NULL DEFAULT CURRENT_TIMESTAMP,
  `input_by` varchar(255) DEFAULT NULL,
  `update_date` timestamp NULL DEFAULT CURRENT_TIMESTAMP,
  `update_by` varchar(255) DEFAULT NULL,
  PRIMARY KEY (`id`)
) ENGINE=InnoDB AUTO_INCREMENT=3 DEFAULT CHARSET=latin1;

-- ----------------------------
-- Records of configuration
-- ----------------------------
INSERT INTO `configuration` VALUES ('1', 'app_name', 'Telesales', '2016-09-16 10:05:50', 'System', '2016-10-03 02:58:48', 'taufiq.putra@smartfren.com');
INSERT INTO `configuration` VALUES ('2', 'fa_icon', 'fa-phone', '2016-09-16 13:54:58', 'System', '2016-09-16 13:54:58', 'System');

-- ----------------------------
-- Table structure for courier
-- ----------------------------
DROP TABLE IF EXISTS `courier`;
CREATE TABLE `courier` (
  `id` int(255) NOT NULL AUTO_INCREMENT,
  `name` varchar(255) DEFAULT NULL,
  `status` enum('inactive','active') DEFAULT 'active',
  `input_date` timestamp NULL DEFAULT CURRENT_TIMESTAMP ON UPDATE CURRENT_TIMESTAMP,
  `input_by` varchar(255) DEFAULT NULL,
  `update_date` timestamp NULL DEFAULT CURRENT_TIMESTAMP,
  `update_by` varchar(255) DEFAULT NULL,
  PRIMARY KEY (`id`)
) ENGINE=InnoDB AUTO_INCREMENT=3 DEFAULT CHARSET=latin1;

-- ----------------------------
-- Records of courier
-- ----------------------------
INSERT INTO `courier` VALUES ('1', 'Internal', 'active', '2016-09-30 13:45:30', 'System', '2016-09-28 10:11:57', 'System');
INSERT INTO `courier` VALUES ('2', 'GED', 'active', '2016-10-03 19:01:11', 'System', '2016-10-03 12:01:11', 'taufiq.putra@smartfren.com');

-- ----------------------------
-- Table structure for courier_ged_delivery_price
-- ----------------------------
DROP TABLE IF EXISTS `courier_ged_delivery_price`;
CREATE TABLE `courier_ged_delivery_price` (
  `id` int(255) NOT NULL AUTO_INCREMENT,
  `courier_location_mapping_id` int(255) NOT NULL,
  `courier_ged_price_category_id` int(255) NOT NULL,
  `price` int(255) DEFAULT NULL,
  `input_by` varchar(255) DEFAULT NULL,
  `input_date` timestamp NULL DEFAULT CURRENT_TIMESTAMP,
  `update_by` varchar(255) DEFAULT NULL,
  `update_date` timestamp NULL DEFAULT CURRENT_TIMESTAMP,
  PRIMARY KEY (`id`),
  KEY `delivery_price_payment_method_location_maping_id` (`courier_location_mapping_id`),
  KEY `delivery_price_total_price_category_id` (`courier_ged_price_category_id`),
  CONSTRAINT `courier_ged_delivery_price_courier_ged_price_category` FOREIGN KEY (`courier_ged_price_category_id`) REFERENCES `courier_ged_price_category` (`id`) ON UPDATE CASCADE,
  CONSTRAINT `courier_ged_delivery_price_courier_location_mapping_id` FOREIGN KEY (`courier_location_mapping_id`) REFERENCES `courier_location_mapping` (`id`) ON UPDATE CASCADE
) ENGINE=InnoDB AUTO_INCREMENT=8 DEFAULT CHARSET=utf8;

-- ----------------------------
-- Records of courier_ged_delivery_price
-- ----------------------------
INSERT INTO `courier_ged_delivery_price` VALUES ('5', '13', '2', '20', 'taufiq.putra@smartfren.com', '2016-10-05 11:27:39', 'taufiq.putra@smartfren.com', '2016-10-05 11:30:48');
INSERT INTO `courier_ged_delivery_price` VALUES ('6', '13', '1', '100', 'taufiq.putra@smartfren.com', '2016-10-05 11:44:59', 'taufiq.putra@smartfren.com', '2016-10-05 11:47:03');
INSERT INTO `courier_ged_delivery_price` VALUES ('7', '13', '3', '10000', 'taufiq.putra@smartfren.com', '2016-10-05 11:45:26', 'taufiq.putra@smartfren.com', '2016-10-05 11:45:26');

-- ----------------------------
-- Table structure for courier_ged_price_category
-- ----------------------------
DROP TABLE IF EXISTS `courier_ged_price_category`;
CREATE TABLE `courier_ged_price_category` (
  `id` int(11) NOT NULL AUTO_INCREMENT,
  `name` varchar(255) DEFAULT NULL,
  `min_price` int(255) DEFAULT NULL,
  `max_price` int(255) DEFAULT NULL,
  `input_date` timestamp NULL DEFAULT CURRENT_TIMESTAMP,
  `input_by` varchar(255) DEFAULT NULL,
  `update_date` timestamp NULL DEFAULT CURRENT_TIMESTAMP,
  `update_by` varchar(255) DEFAULT NULL,
  PRIMARY KEY (`id`)
) ENGINE=InnoDB AUTO_INCREMENT=4 DEFAULT CHARSET=utf8;

-- ----------------------------
-- Records of courier_ged_price_category
-- ----------------------------
INSERT INTO `courier_ged_price_category` VALUES ('1', 'Category 1', '1', '1000000', '2016-09-01 14:05:56', 'System', '2016-10-05 08:41:46', 'taufiq.putra@smartfren.com');
INSERT INTO `courier_ged_price_category` VALUES ('2', 'Category 2', '1000001', '2000000', '2016-09-01 14:07:55', 'System', '2016-10-05 08:41:46', 'taufiq.putra@smartfren.com');
INSERT INTO `courier_ged_price_category` VALUES ('3', 'Category 3', '2000001', '0', '2016-09-01 14:08:28', 'System', '2016-10-05 08:41:46', 'taufiq.putra@smartfren.com');

-- ----------------------------
-- Table structure for courier_internal_delivery_price
-- ----------------------------
DROP TABLE IF EXISTS `courier_internal_delivery_price`;
CREATE TABLE `courier_internal_delivery_price` (
  `id` int(255) NOT NULL AUTO_INCREMENT,
  `courier_location_mapping_id` int(255) DEFAULT NULL,
  `price` int(255) DEFAULT NULL,
  `input_date` timestamp NULL DEFAULT CURRENT_TIMESTAMP,
  `input_by` varchar(255) DEFAULT NULL,
  `update_date` timestamp NULL DEFAULT CURRENT_TIMESTAMP,
  `update_by` varchar(255) DEFAULT NULL,
  PRIMARY KEY (`id`)
) ENGINE=InnoDB AUTO_INCREMENT=4 DEFAULT CHARSET=latin1;

-- ----------------------------
-- Records of courier_internal_delivery_price
-- ----------------------------
INSERT INTO `courier_internal_delivery_price` VALUES ('3', '11', '1', '2016-10-05 10:05:11', 'taufiq.putra@smartfren.com', '2016-10-05 10:05:11', 'taufiq.putra@smartfren.com');

-- ----------------------------
-- Table structure for courier_location_mapping
-- ----------------------------
DROP TABLE IF EXISTS `courier_location_mapping`;
CREATE TABLE `courier_location_mapping` (
  `id` int(11) NOT NULL AUTO_INCREMENT,
  `courier_package_id` int(255) DEFAULT NULL,
  `location_district_id` int(255) DEFAULT NULL,
  `status` enum('inactive','active') DEFAULT 'active',
  `input_date` timestamp NULL DEFAULT CURRENT_TIMESTAMP,
  `input_by` varchar(255) DEFAULT NULL,
  `update_date` timestamp NULL DEFAULT CURRENT_TIMESTAMP,
  `update_by` varchar(255) DEFAULT NULL,
  PRIMARY KEY (`id`),
  KEY `courier_mapping_location_district_id` (`location_district_id`),
  KEY `courier_mapping_courier_package_id` (`courier_package_id`),
  CONSTRAINT `courier_mapping_courier_package_id` FOREIGN KEY (`courier_package_id`) REFERENCES `courier_package` (`id`) ON UPDATE CASCADE,
  CONSTRAINT `courier_mapping_location_district_id` FOREIGN KEY (`location_district_id`) REFERENCES `location_district` (`id`) ON UPDATE CASCADE
) ENGINE=InnoDB AUTO_INCREMENT=14 DEFAULT CHARSET=latin1;

-- ----------------------------
-- Records of courier_location_mapping
-- ----------------------------
INSERT INTO `courier_location_mapping` VALUES ('11', '2', '176', 'active', '2016-10-05 10:05:11', 'taufiq.putra@smartfren.com', '2016-10-05 10:05:11', 'taufiq.putra@smartfren.com');
INSERT INTO `courier_location_mapping` VALUES ('13', '1', '176', 'inactive', '2016-10-05 11:27:39', 'taufiq.putra@smartfren.com', '2016-10-05 11:27:39', 'taufiq.putra@smartfren.com');

-- ----------------------------
-- Table structure for courier_package
-- ----------------------------
DROP TABLE IF EXISTS `courier_package`;
CREATE TABLE `courier_package` (
  `id` int(255) NOT NULL AUTO_INCREMENT,
  `name` varchar(255) DEFAULT NULL,
  `courier_id` int(255) NOT NULL,
  `status` enum('inactive','active') DEFAULT 'active',
  `input_date` timestamp NULL DEFAULT CURRENT_TIMESTAMP,
  `input_by` varchar(255) DEFAULT NULL,
  `update_date` timestamp NULL DEFAULT CURRENT_TIMESTAMP,
  `update_by` varchar(255) DEFAULT NULL,
  PRIMARY KEY (`id`),
  KEY `courier_package_courier_id` (`courier_id`),
  CONSTRAINT `courier_package_courier_id` FOREIGN KEY (`courier_id`) REFERENCES `courier` (`id`) ON UPDATE CASCADE
) ENGINE=InnoDB AUTO_INCREMENT=4 DEFAULT CHARSET=latin1;

-- ----------------------------
-- Records of courier_package
-- ----------------------------
INSERT INTO `courier_package` VALUES ('1', 'Reguler', '2', 'active', '2016-10-04 14:36:08', 'System', '2016-10-04 14:36:08', 'System');
INSERT INTO `courier_package` VALUES ('2', 'COD', '1', 'active', '2016-10-04 14:36:24', 'System', '2016-10-04 14:36:24', 'System');

-- ----------------------------
-- Table structure for customer_info
-- ----------------------------
DROP TABLE IF EXISTS `customer_info`;
CREATE TABLE `customer_info` (
  `id` int(255) NOT NULL AUTO_INCREMENT,
  `name` blob,
  `address` blob,
  `identity_type` blob,
  `identity_number` blob,
  `email` blob,
  `mdn` blob,
  `location_district_id` int(255) DEFAULT NULL,
  `delivery_address` blob,
  `input_date` timestamp NULL DEFAULT CURRENT_TIMESTAMP,
  `input_by` varchar(255) DEFAULT NULL,
  `update_date` timestamp NULL DEFAULT CURRENT_TIMESTAMP,
  `update_by` varchar(255) DEFAULT NULL,
  PRIMARY KEY (`id`),
  KEY `customer_info_location_district_id` (`location_district_id`),
  CONSTRAINT `customer_info_location_district_id` FOREIGN KEY (`location_district_id`) REFERENCES `location_district` (`id`) ON UPDATE CASCADE
) ENGINE=InnoDB AUTO_INCREMENT=67 DEFAULT CHARSET=utf8;

-- ----------------------------
-- Records of customer_info
-- ----------------------------
INSERT INTO `customer_info` VALUES ('1', 0x3136673632764F6A4D64373342326A454D6D63316475375030646B4763646173504A6344326E47565242493D, 0x6A5A7678715751713342392B336A555A41744D6D68727331454B79756E4B366659776B64416C694A61686B3D, 0x7572715A587357533673534161796734677959494A39425150796B506B6B44684A4B2F54517751464F6E593D, 0x5A68304875766C56765A45576D4D7550636F4C67576E3666636E637939475964756262434D396B50634C383D, 0x5179763976755A7665376D63352B37717638744B577A434938643765487A6452705863514852704C5379593D, 0x756F436E704A6754775059627674696D5A3233697A51477664693152335A756278705638652F37687956673D, null, 0x364D496F61653753714D2F384C775564626772665538453445547547447846426251482F435955696755773D, '2016-08-23 02:48:45', 'System', '2016-08-23 09:48:45', 'System');
INSERT INTO `customer_info` VALUES ('2', 0x67336E334C3471616D6B4141373252424F76334C54496139737978487263573538326146516A6B6F4271513D, 0x475555576745612B6C486F564342676253496544775A737931637733446F3461657A466377673962632B6B3D, 0x6233447836396C66354354344C48617A6749773844684943514D4736384D74365579554D634867723370633D, 0x627149477947354B514C4631684A337957592F512F3748742F535A5461452F4A6E542B3169795737586F6F3D, 0x57694134664E363362466F5836342B57786242466242504375732F7461733876576A4D6A617763525269673D, 0x4F4F3751716D4773655965457053656646325573655579313678343743334275325774616134685A3963673D, null, 0x775555625A5843567071314462446F45793462312B46454B3551434A3068304279644436513175664264453D, '2016-08-23 02:49:19', 'System', '2016-08-23 09:49:19', 'System');
INSERT INTO `customer_info` VALUES ('3', 0x565135625659506F632B503338317244787876684848757763676354543878516B476F427654376B593138795749572B46536F387578752B794B2F4143724D7A, 0x474D5A3636434634646C646A4D35513873456D4F77484E7875534D57374E66753053385933487046684F6E5A644B61324C537430506176516465677056436757, 0x57692F762F456D7551714B4A6A7853394732346569634361344D4834596E4264353879377173776162384D3D, 0x64666F384F55574D4748674E56706F317154436B4B616243724148364A486842454A6330506572717848303D, 0x634D4856434F624A696E7762442F7755684567697662553854694936464550772F5464656142794C2F54413558357958725A6D74396B4349544B75316D50455A, 0x6269536A6C676C6F304676674F6E353678514E4256374E584F7552557136654A437169327378734B692F773D, null, 0x74426E4E4473344875465636432B55357A4436304A454F7452764542424A4768486B516C392F4364664F673D, '2016-08-23 03:58:43', 'System', '2016-08-23 10:58:43', 'System');
INSERT INTO `customer_info` VALUES ('4', 0x56524472525230453137572B70413337526A705264794F42726877393466794F3768427159514C76494C4D707961705859434A7A2B445569424675454F374158, 0x6845572F31747137664B506865696777356D58624845624F4D74326379793567466363782F4138526478513D, 0x6B5539587659516759753270756F6466786A6A3138704C415745355A567761305242506E4954376275686F3D, 0x653051312B51442B7663444B6D524C714C676931734931537A495669356B56574A496B4F48644C7579774D3D, 0x4E39316A6D6D7A3450526B734D647738564B5472743846767A557A597035754C3677714D4771753054325956696A775A63443532706E746279397833534E474B, 0x43586961717A386A53586562314A346668454E72593037786B556F7762364337506234706767324F4A34733D, null, 0x2F4F4A714632694B34632B6D5478685A6D61475566566A6B5868374C714148653068494271306E5337776F3D, '2016-08-23 03:59:35', 'System', '2016-08-23 10:59:35', 'System');
INSERT INTO `customer_info` VALUES ('5', 0x3078786D52527A6B6C6F6D30325353444C77694E6A59782F4E554D77367357304A443375437831492F656F3D, 0x782F6939497031564A427A707178337A746656624A676451566A3070766A3239464E4B4A664834452F6A773D, 0x77725A4A6B395264544D3152514B76364B7A794F5559657152394E6C566C59336E5455687A4A51474748773D, 0x4A435756754B72445664794634452B684C4A6F3332316D315531433354696B4E7031786877626A42694F6B3D, 0x7A557A416D48774670485764497873736E494343354F306E4756314847466878426C3055783678512B456B3D, 0x4463755A7A44314B70356165334A7163323131314A7A6E64747151315430686252335167744D4E715434303D, null, 0x50384737634F4A5343395348796D4B397145615167536F436E736378564A513861626A633535683972714D3D, '2016-08-23 11:04:30', 'System', '2016-08-23 18:04:30', 'System');
INSERT INTO `customer_info` VALUES ('6', 0x566B6A36734B782B4A2B345A755636795845436770534941624C356A7963725758667253325765517353343D, 0x474361784168536A43794F3961394B585470386B30625A673347483566592F4F53437949704F4235306F413D, 0x534E704854344A753036524153567971725773496A6F3562303952426C523649346E6744596C732B334A383D, 0x677A74476830306842354162674A4F4C38354330653431595952494C37626264764B2B78714B464C4B61773D, 0x537433566A394A7031477958717A59676F433146766D593570625069467A373843465A376A4A376C4F32493D, 0x4F36355A3037703745464E56376E776F67316F5172636B6732386D6755612F2F32586F49487174695778553D, null, 0x38716D34375261546B484A4E6F70396D42536B34453034684D425252756D58664D534D4237486A57546E553D, '2016-08-24 03:14:55', 'System', '2016-08-24 10:14:55', 'System');
INSERT INTO `customer_info` VALUES ('7', 0x62474469484B617335304E4D73585A566D6C73306839707833637A4466506C506D695A5A4E37374B7939303D, 0x6A2B68464779487A34514F73485150573377574F72764A6B6C6C6745696E482F5637476E77704C7A3367773D, 0x6E686E483859676C706C415A474D306D435033644C4C356F445679686D3057514F31494C443470682B75383D, 0x644F3879726A685766636954752F5342394F3150416B462B527978515762526953594230752B63554C6D383D, 0x39733436364349316355736C2F66543948584858474655665A644D4A4C38725268783544533455683432593D, 0x707A31347A4F65424D77345557622F702B586E516D43564D4F4B5863636449345A2B324F496259725071453D, null, 0x6F632B6757724A7A336B4E765A49543161476D522B5A486B6A6F2B4A797A586C696D4C395744624A6C6F6B3D, '2016-08-24 03:15:20', 'System', '2016-08-24 10:15:20', 'System');
INSERT INTO `customer_info` VALUES ('8', 0x6E6D764861796A7159336751482B336364594A43454666495065593048386475587863384330666D63666B3D, 0x3270654F6E533848646D77383957546E4C674D463775642B4A6F396F5A4E522F57396830463368755A65593D, 0x524175316248413671675443454174427071725A4E3364636F37664568413662565A576D4B706E747747383D, 0x6165654F4B314F5341777A417A4E766641412F2B6E5A3361355575336767316E337A716C446865374C67453D, 0x69433079654D6D594A6C5341747531704C5A416E742F4732763534626F4E2B6139696D726675327155566B3D, 0x67484C41416E344A4E72316F707A457A33394A496A66464B42496B6771425A7A556B624947386E594663453D, null, 0x57356A6D354B6A503579594246464D356B566F53652F2B7376554C484736686E51514B5A4A5851456644383D, '2016-08-24 03:21:52', 'System', '2016-08-24 10:21:52', 'System');
INSERT INTO `customer_info` VALUES ('9', 0x4A615A527676634B6C75366F4E384D48742F4431323030536B6D746174506D6D4379656B503479705362413D, 0x78324B674E74555947393357566635653545724B6268664A313957456C6132595A5934654E59746D4850453D, 0x7561396D662F33716C79777A437641336C6F6B71576E6E6336754133694976636F5A467A673743486C41343D, 0x49796F47517A62414A75646646416E6C57335854493538553269537834724B696532554E797A614A3831633D, 0x554A4F41484B70536C6F4D6E77506956624459304A37794C714E645149584962693969314A736366706A493D, 0x36505936674C74386767446C67473132706E2B657077496E69525265416474796446696C59566753716E343D, null, 0x376944433550775A46636C6F5950325556754A334A5A2F6D483736576942447754714E774F5569413671513D, '2016-08-24 03:23:01', 'System', '2016-08-24 10:23:01', 'System');
INSERT INTO `customer_info` VALUES ('10', 0x3170773967616B2F5443457A4B3869647842477A4878665164386846534D7659732F465A535179364762453D, 0x726A7237396762797A753358644A704B6A7042437A6C7762376B49746161475067676F6C426767317144733D, 0x575143744349565743434734644773616870455058566176702F4645787059503959516C4C394A2B7A31553D, 0x6F6B6672313262696957614937547041574C5050413154517A637331704A6B6B5353485A4D68734E304B453D, 0x354A6A422B774B6E4D38592F6E73347A2F70357A6170563243774641644C587536774B56696863756332673D, 0x704A6E752B3465365247634A322F7369724432355A7469657A437838384C696A4E333852486C44762F70383D, null, 0x585A7050793234504F70503772496C45394A344D744B7043667A6E6B63503554305A704D6D33536B5341413D, '2016-08-24 03:23:24', 'System', '2016-08-24 10:23:24', 'System');
INSERT INTO `customer_info` VALUES ('11', 0x6576636C4C58426F776130726C576F66663273716F736D7A4B43703242436D4C33384779433442565654493D, 0x384A2F596945665478514C736E7A736943566453615171354F4B614C6C41565335595775413245463955733D, 0x6A48742B6E366F6A71666C4553556A6B433635733448544B4934694B574F7278674C4C53357335436464593D, 0x647269435A6D6F4233553339776B616932457933794C66646E726573386F3649773154674C4263425A476B3D, 0x384C656F744A3556546D38754241462F4B615A7241787733503847707854652F78414E634A304D716D38673D, 0x4F55675731364555343552324551313378375076696B726A5365506B7A425A64687176734A636F4D5753673D, null, 0x47716A2F4759765144565970303743545654763670346A4658696D65454B677158454F4E4867632F4366343D, '2016-08-24 03:25:03', 'System', '2016-08-24 10:25:03', 'System');
INSERT INTO `customer_info` VALUES ('12', 0x6A6B33494E374F6933364965456D507A7A68522F712B734C2F4D482F35585A683750353548634D343074493D, 0x64436372757768686A35793963785252617A485649764761334B41746E2B37317133307A4A4A4D4E54666F3D, 0x472F746A664536412B34664269416A686D636F4E794377617553763354652B6A43727968497158705633733D, 0x6432536377474A6F5657773935505362505648535A4E5859346D6D7675344734464331333244542F586E6F3D, 0x62785144766B70364559323041566C63614930756D654569572F642F6168536E6C774A5A336C4F77522F453D, 0x6353534879306E38447A4B5144575073747358554D385556795346397373484341446C6E614638646843513D, null, 0x654C366A7142444C5A7759774255623134494D4C6E7A554C64474E4C2B446B50347048684C4D5A6E6933633D, '2016-08-24 03:25:59', 'System', '2016-08-24 10:25:59', 'System');
INSERT INTO `customer_info` VALUES ('13', 0x3235536F6761675A574B54665335302B6F574677426A7249314F726867456C72676D47304F674C795063413D, 0x6A6E306C70436A6E356276475A624259527A6F326A396771423231432B6B6C41706170494E6B6B533754493D, 0x6D616C3649766139423038686E4E4C4459667644422B6C6179316B55444146667758396566534576396E593D, 0x5A704C7A2B706C53326B61346332722B5062486A4F2F794D3072445A4F4535506F574E336531566E4374513D, 0x646F6375766E4E6575564375392B534B786F6979364867625A32527A6366624C414C2B77432F45704843383D, 0x3169384158695972414677593862306737506B7044524C6D69496D657A4170685867442F615447375643633D, null, 0x47476346316B6B527A46573738574E312B534B47596869504C35786B6476497054557A6367767A72437A633D, '2016-08-24 03:26:41', 'System', '2016-08-24 10:26:41', 'System');
INSERT INTO `customer_info` VALUES ('14', 0x4B6A772F556F6951445072523547453464627A68694D4B693135554B6A534E5543472F7262324D526D73673D, 0x566D306E31483736394263454248384867475743382B36496C52623839417A4D7969556134614F4F4367553D, 0x487A684C344D624769496C6E68684F694B546D6C5A734E4A694352707368676D7831645748474F7454576B3D, 0x516933494666676641646663492B6B54614F656D796B76457A383843746A782F41716972565A4F57506F493D, 0x56336838434651746B2F5A6D6851307974585A78624D79396E534F3856626C68587754547355506B30736F3D, 0x7A704A4546737774582B4C744C6E7363394F7753776245763279614F36324D43714D7A45752F6A537269553D, null, 0x3671646F6E744E57616D4F784E6C577778452B6B426F5A512B6D337251522F57457A4B43757668644544383D, '2016-08-26 10:15:00', 'System', '2016-08-26 17:15:00', 'System');
INSERT INTO `customer_info` VALUES ('15', 0x6B43375152384A4172317255795776765051472F4143504C337736717247302B48644A732F456E726279413D, 0x396345626971327445664F566C34493249497A65525147577A6A44422F35682B77684F36584F6B495854633D, 0x45625A56387A47566F6B66344D657634337867645743704F44483859786D7A67757535597A6E4E567647303D, 0x3147513867566A75324D4967547066717262734B315069474C38487A6A71736A2B446B365865386769766B3D, 0x467962736E696538725741774D4269737A736F5A576B6952467369695553364C5776514D66474F6E7878673D, 0x4E433161443172516B7432595655633051633432422F37556A6B52435936396836726A55397648424A70383D, null, 0x4D704452303849485732646E41736A67547941396E364A4F2B6C4E55755774586E6E775130484F30486B343D, '2016-08-26 10:18:38', 'System', '2016-08-26 17:18:38', 'System');
INSERT INTO `customer_info` VALUES ('16', 0x7345316C2B5878725472456732757A37464756424856527A75644656534D4C2B56653744524B422F4D30633D, 0x2F64766936772B716774566F46357177556854336E5145327A3777653079652F6C4159736E4D7045636E493D, 0x43766455486D703352584B2B454D4863524E6A552F5141723735596951656573384F415274386C476E35733D, 0x616E53537837644C4E71454331346C69486D6D7A5A4F4459616F53486B656C756663466751584E6B426E343D, 0x525073306978647547625A5A75717062794241696244486D63706A4339734857533546496E6730756952593D, 0x42714E653838796773465941316668567A516166556D70507037324A37415A4974464E52774542583238553D, null, 0x312B64514D766E326E477850696C2B3450456D434746514F4D6E46656D49756159384F73522B4D2F5A4C303D, '2016-08-26 14:45:10', 'System', '2016-08-26 21:45:10', 'System');
INSERT INTO `customer_info` VALUES ('17', 0x357950723036515A776A473248323143686A7670397670726236363437486E2F77533670326C3631746E6B3D, 0x71354F577A4A377756317678694551374B6B6339374C4638576A784136754B50627354436E7032376470413D, 0x7579695A5A69755435706A6841514A352B36466250314961636832556D6B4A50797873502B61672F4F41343D, 0x78783736674174515675586242376B556B34355764586B2F764F4E4175773157346D58374972616868314D3D, 0x6D516567544F6443783043517244666F6A2B564B622F784C635175696B346E775A376C6B4C55495343516F3D, 0x6143794E62636A566D4C4848702F2F74645468652B6F2F4C5078706E5056522F683350464A3664476741733D, null, 0x766F586D487670487875696F7851636F43617330317A566F386D755A582F6A752F367077676D6A785268493D, '2016-08-29 03:21:49', 'System', '2016-08-29 10:21:49', 'System');
INSERT INTO `customer_info` VALUES ('18', 0x586249453066744F467536583055764E2B414E4D343057456F447144643138784F547530734E48744957493D, 0x30596261336B67584949736F714F54776D593375755177704469687664686E686B732F4A5035374E574B6B3D, 0x5070344E4634786B47636346744178654A413679343341695359566D4D31614E4D727354426459347662593D, 0x503852355862674C584256466B324F4270415331742F39796550366E4B4932714A432B654A6569624C7A673D, 0x6E302B726B4E452F5773394158336873354A7531466A785A7A644A796769697943696649754847394851413D, 0x33777253504F7044756A4B59396862386E334673724463497168674B6C5A7051774277726D6E5279514B773D, null, 0x6A516C6D464B674C7A2B7A555439523479726C516D444F4D45765A44434D464C4B39743277494175694A633D, '2016-08-29 13:13:58', 'System', '2016-08-29 20:13:58', 'System');
INSERT INTO `customer_info` VALUES ('19', 0x794F76576A414E77515A6C5957375179614E616F5857586168325273753448643168797A594C52783941343D, 0x434E63646A5879566869566C41374D363246784A47564C3846664D6D4D32512F566D634E4D6B726367336B3D, 0x304A534158386951726A5254697733634D756155785834594F5465484B5564324B446C47325734333445413D, 0x56766C434C72322B42734D4D453150336C487343474E34417336573052706A665147462B53323475334B593D, 0x72473165436D5952466254357364456469676776686C6F5A76753276587451325556507468764B3664736B3D, 0x6457614A5475656D48663344616B4A554971537867463739524A35554F6C7144596D75564A2F6A726663413D, null, 0x4C46476B2B6855724C506A58793971343952347379393658534E554A416376614D506B72734175684B56343D, '2016-08-30 02:23:21', 'System', '2016-08-30 09:23:21', 'System');
INSERT INTO `customer_info` VALUES ('20', 0x555236336370374266704B387A5A446B71646C535A2F356279766D72494552494F66414C4E74766A3570733D, 0x624C6C645332693639676D5A394645553752555A586C305A347A7A674D326B644A544133344A6D317A78673D, 0x5956344F766E5957647067574230355746352B715A6D564C462F6264546638777A657862754D45313334303D, 0x435835615054504C774C6E376E35626C33675A412B4D567A2F4A5971305A35444B4F2F784F795A6D5257303D, 0x7448306C717168323877333764635264662B695741596A62687948566F52417A7A722B4F505370474167493D, 0x4E526E426A6251644144693746416A774570522F644F7942385556476A76582F566842497531327752786F3D, null, 0x6A6B387A6E4C465961394C645A65326234537139505762353252726B373931724F39436C6A4B30376D4F413D, '2016-08-30 02:25:05', 'System', '2016-08-30 09:25:05', 'System');
INSERT INTO `customer_info` VALUES ('21', 0x6B37464D6C455757645068694B653849414F507334796C684F436E6C784D756E79366C3279376D657665593D, 0x39726A4645765033723664754F5977537A445958376C5A4261716E3830346374574157334D46736E6145383D, 0x5065756132735A616434526F54564C47697868694470467633543951574246347A63744B386F6945734E6B3D, 0x6273444938586B6461555753445056593850366463737841324D3777786559764F67535076612B633963513D, 0x307436383157506A2B6149743172666D765A554F634661364E6A315439506A4F70744F5A434E47443169453D, 0x67763053424E594B30517A764B49674932506E4E4234394472762B686D65554B773471762B502F7A4459733D, null, 0x6B396F776B4D486B574A4A6968673733336A4D416C634E4C6A303655755554444D7030445A7543706574513D, '2016-08-30 02:55:29', 'System', '2016-08-30 09:55:29', 'System');
INSERT INTO `customer_info` VALUES ('22', 0x704D797943694E574E4F6971786A47664A74464C444246595173665549334C3145694950586B71396B354D3D, 0x752F444D73527154497545705632752F33307A7157414A42394D42365443372F2F4E564D656A326E5A5A303D, 0x704F304D692B616C4A7573426E42377255634B647A63526370382B372F704E36534B3161666F38585A55633D, 0x6B5965434E7A6C4F74504B6B4E305645787A5872767438766E675A365239324E354E74582B326C647038633D, 0x636A346476535A79586E33394959662B7A6C73727A58365430413855727275343161392B54443977536F413D, 0x6D4C58494D6837444C613831674C6C3239793776326C707351317A3244313456784C65524A53687A7441553D, null, 0x72684B6F694663696374634C68626166526176412F7173387238344E54325343654A76316F6C44784455553D, '2016-08-30 03:05:52', 'System', '2016-08-30 10:05:52', 'System');
INSERT INTO `customer_info` VALUES ('23', 0x4F546A536D636965394D4D6B78574E55566978314D2B67746F78376968354333526132436678755237386B3D, 0x6A51735175586F71435A634E6E6F2B4F64564C386B507A594654716937574A2F4161686C33364A617237453D, 0x496A5067583131766E343141695572374238626C354D75644C4F7870784F736D4D795A6F30524F675A70493D, 0x51564C647246646F78467079574570566B382B366174344F4B32454B747469534D4F556968346D4176746B3D, 0x3167517552506979642F7337797A6C52555641664B30505A61724163526E6F384469464974584E4A4E336B3D, 0x43724F4C64344F3968324764305A63456753376F487974656F3449664833525963475778454D5A4230396B3D, null, 0x6F71744D55776B772F6E6A553754387377357A434E65687A4632695749787453366B3936464E3972357A4D3D, '2016-08-30 03:10:08', 'System', '2016-08-30 10:10:08', 'System');
INSERT INTO `customer_info` VALUES ('24', 0x325870304235636175716A59586234564536484F7A435875534F39564557504E4A4B355A5A7765446B4A513D, 0x355843596561366F354C71692F2F696733764F627849556969734879584F644C5A73634439426F7453726F3D, 0x343078426F51583074616451654F6538796246566D7153684A6246474757535633373852666D2F506E72733D, 0x65323455535666764168463165484F312F74567A726D33493666386847673056496B346E36766F55414C633D, 0x4C6A7A617A7A6F316944515530677752483034716A78345A2F7A62596D4A4A66596A58575A5A55463463442F546B322B6A585834782F505076794E69324E6E53, 0x4D783964683164325977716673642B58782B557971386E755576374D2B4F4E6A792F4C4E4C7154377530593D, null, 0x674A4E68744C4A314D67554D41573948314E5879526A6D434C74487455412B71786C4946315941723955516A3534442B59714D6B48464F425972695A71784F6879414A6C494B575556526D323552367843373666535A62664769374E3065415472532F6C305875355645673D, '2016-08-30 04:47:58', 'System', '2016-08-30 11:47:58', 'System');
INSERT INTO `customer_info` VALUES ('25', 0x356B4E73725632656D4E30546E43464D4D5663426B4C5753414B3869766F4E396A6C6F6743426B395462773D, 0x6646477461414565304D48414159565174584550336F5A6977755178437A5366695A6D504864784D4967493D, 0x3742566739574F74307673502F734B695070746D716353456B636D59554877713841417631424C56507A6F3D, 0x716165435633634B6778757050497066706F41586A694D58743841455137784144357A557532536C682B493D, 0x314A6A386173725454587334703664476E5A682B544A526D34665432536E314261714A64775A5353632F413D, 0x6D6769706464464E6D702F6A4641645A4A4E6C746A7A4874352F6C3366796257684477752F596452644A343D, null, 0x75564B2F6C58464641306779674C6536506E6E504E7178366E37366C335954433671565A425377767072733D, '2016-09-01 06:45:32', 'System', '2016-09-01 13:45:32', 'System');
INSERT INTO `customer_info` VALUES ('26', 0x684146364A326A6D446B4E2B57644F326F75754A48596C6B44324C792B32794A553346502B657A677459733D, 0x695A4B70664F4876302B4E74497A492F53736A52526A587931734B676756522B31497369694B6936512B413D, 0x51554A6E6D575A7A6661726D696F4C3830556C674F6A794F706F6779336356642F346C71696333383159303D, 0x5A4F64746376554B3673626A703855594C56544346614171474B752B53647A33577A3734526F4B4571636F3D, 0x41634861387A4E437861712B496F6F57736D63465664336D7449456A57614F38644C335061394B674147513D, 0x59625354432F2F57426277314D784A474D66386E7166634842343674314A482F676F4F6E477972554469493D, null, 0x4F6871396C45752F38617261644C63493433335175544D6576626A365A396F5635757039584131746D6B493D, '2016-09-01 06:47:32', 'System', '2016-09-01 13:47:32', 'System');
INSERT INTO `customer_info` VALUES ('27', 0x626D43345036357A626644695731312B41743576552B576C6A474F57376534346C4963694D46634E732F6F3D, 0x70336F487255786A36564F5856316A41647445572B324B4C434441767A68354E6764584B30526331336C673D, 0x746E6E774156506E45384475723741576354544873366542306F4A526D75332F2F536B632F6F767374616B3D, 0x673932557856777A6147516D4B314F47676867427A34723274587A72786A705977355131734E69596772453D, 0x7A37555A6A4E52472B547A62626A6E356B7574696C75486F394972453835464D64436D34766461325943673D, 0x617A5979794850784B50616D715833486754415A4A7A6F724D566F712B697A6E30797561342F496D5A4F633D, null, 0x5265365A386659395145353669554B52652F36756F78747054672B69574D6C684C643744456E43424A316B3D, '2016-09-01 06:48:39', 'System', '2016-09-01 13:48:39', 'System');
INSERT INTO `customer_info` VALUES ('28', 0x535479474A6B4E42344D567735565A4C4159424244693275525651313343307531704571463478646144413D, 0x5430424A636F70336B3176435432776E305545473839337162517966787A76396546376C56695A693842343D, 0x48595374756168685964665772526F32386D2F4C30635232585534593658526856644239596373655865303D, 0x6F6A317A6A585345352F706D437A6C366E474B4D41564A466E5A497271345959326654556933796A7754593D, 0x6F5248494A78693878624A6B5A464163654C435A544C75324D4732506F6D2B533757317973436D2F6A59633D, 0x356B384361666C384767515961556A4E7359737A54774675784C58564B67734A7339644F6A64754E4547493D, null, 0x58524C7138696F446A766430552F4941435A395577695A57493665797572754D37543859585633695664493D, '2016-09-01 07:23:58', 'System', '2016-09-01 14:23:58', 'System');
INSERT INTO `customer_info` VALUES ('29', 0x2B66412F64702B42367433357856586E67646B6A72675367414D4A7630304B37675A434130576C557A79553D, 0x5273633635766E374C54706E6E6361726B3969684D6F45706C3435306E2B5176716C5A53736F77447A72733D, 0x4E66754C5331535770574D664C36494C7A68495A5852714D50566838756F78653532754D663458796D6D673D, 0x63696B70547A4D622F2B59685945374431364F616A707564664F4D53613970456442685A714F496B61594D3D, 0x625474356A4545573448392B53725636336D756263516559414C76355371472F436632665A7A722F6341553D, 0x64553978545436706A652F2F78487663526F493062744556526F496B364D7844566E73717058662B506A6F3D, null, 0x31496A65794C7132693850324E524E5846686A396530514568654E5554707047482B71614D526250796B673D, '2016-09-02 02:05:50', 'System', '2016-09-02 09:05:50', 'System');
INSERT INTO `customer_info` VALUES ('30', 0x35665638623151595746724B384149334359706E5548477654796A64664463417964486F4D7175594667303D, 0x526C49533555556B4831475332634A50363244792F364B4D335A546D316641376C7736744932344A4D4A553D, 0x503944724C48754B4B747337735A47656F4B54787976424A617479744B6E7A6C674C686E6A786B74632B413D, 0x48584357346C31616A66396744494C44654B302B4558346E66544D48597075464B6B6D455933326A366B4D3D, 0x576739315477767A6A4B59552F3550444B51436A6D4270676E3232393046446C6B502F7A2B4B472B4947633D, 0x4631324A6C3637612B694442537A316A70684C51764F336C6A4A666A6137586C39384B312F50416D5678593D, null, 0x2F6D59444B36494969564F5A623050774C7A786E5973352B7A38444A6B4A686A78577946476A39374759593D, '2016-09-02 02:07:02', 'System', '2016-09-02 09:07:02', 'System');
INSERT INTO `customer_info` VALUES ('31', 0x694D315A4E4A4E756477616D596941312B446C696635586A59486E79524A7768644A77526B4C746E4E6E593D, 0x634743656666716B51614C7948465A7A734D365579533848327053456D4E665277662B466F4579464466553D, 0x35392B706454485037695A32576C444D546C5A75472F364B62336D6F437135334A6961357A306C654C386B3D, 0x4637516C55352F7146785A75466F4B585476626D3534574C505278654D487550763067485A44713966436F3D, 0x3542584136634E41334A322B57716F4F306D396E553373722F584E42324A304A5A374337657938673744593D, 0x45794B6635652F745A6979324E7146387367483432595A66734652776C64305162384353642B76496371493D, null, 0x5A567A4378527137557238374E5872685853732F677962644451334C61423433584A6C73704A37705A62553D, '2016-09-02 02:09:44', 'System', '2016-09-02 09:09:44', 'System');
INSERT INTO `customer_info` VALUES ('32', 0x45654850704452363239615064764D484A38764C3230766A5668556472355A635739616B7466644B4848413D, 0x522F5539755941656A5969565068767139314168467836417177614E774E553063652F62785875454E38303D, 0x4F724E737A764E46356174714C76326973593233466C6855543430743336796648663547376749484179553D, 0x6D4A664559796D7062767178686D41514A58345A58705A57586B462F346F587868696B56344E666D7576673D, 0x70393443324B664F373076527634696F58782B493833347531734E4C325543625A5149764D366B646E42633D, 0x726F4E79693034365343474A506A7349765537325A2B734239426953624A4A42736A466D6378755733706B3D, null, 0x75666C5136365162565A3763577A46686739784B6565513651494E59765036496D54734F582F4E365333383D, '2016-09-02 02:20:27', 'System', '2016-09-02 09:20:27', 'System');
INSERT INTO `customer_info` VALUES ('33', 0x342B3077684C33447A6E6A6D74486534694A78565857304D5149584B7653672B5A6F31504A4A63745671383D, 0x49304F422B4D654B736E71526D655A42456F32794F574F6253734C537A596A734D6F4B373362796E5153493D, 0x716C6D4B462B777977684E364F2F775778494B2F737864473944652B71734435544B586673746C747064413D, 0x67474A69455944646C686146596D436D5057636F754574306C6755316C686B64724F5939634D376A6D6F493D, 0x784746483139625568435571552F71494D596F58736A454D70614439427055755A6539497045546E5362633D, 0x7A7846414A5836502F716D636957704F64584B78376F7472484A79566B746E586E6F686F377156545231593D, null, 0x496154725578515A7A426A7A4F31765156535A7131396F69546C496C7872472F6E722F4C507152594F63773D, '2016-09-02 06:40:24', 'System', '2016-09-02 13:40:25', 'System');
INSERT INTO `customer_info` VALUES ('34', 0x637955576F5167757446544379637563355A2F567836586D35706B62346E49677373584F3272726A652B383D, 0x364E614370456673575461345463776174646949535735424F66503152527133746C70333939386A6463593D, 0x4F6D714839773166736C3352692F6E30654744316B744B2F6139546B745A4D3249705764754E436C3675773D, 0x53646C49433035756250777A567466343957465755354C574D6542785838574E43486D32714F646D7A56633D, 0x35564C7435702B7352364E724F3233626F6C5A536378704D6E594C4C5A486B58334951564E6664396D65673D, 0x3451456C3161355A77476345364B79334761535178622B3251627A30624C636B4343325063357167386A4D3D, null, 0x47556274653656677164335331304D5045426438566D36765A616E617A75482F566C7734634656445574673D, '2016-09-02 06:43:25', 'System', '2016-09-02 13:43:25', 'System');
INSERT INTO `customer_info` VALUES ('35', 0x7A756E575A6D41626B595064624B4B754737456E4F4A636152623046766C74372B74576849434A657477733D, 0x31786D71376A71445734585A4C4649364D6533467769564859564939694D5937324E51467A6F4D5A466E733D, 0x545776552B7468432F4E6B616C5A57714170666850506D54346B3677426F4C477132556C52642B706C69453D, 0x45335066666B634E755A363361323875757764614C316A4675656E524C4478744D54794B34484A666B6A633D, 0x76537649524D50506E54372B5256684D396C4E5667566B6133706A4E755438346F564B647556644D6642493D, 0x7447684D6A54336E3458634E2B546A3163777969587474576E304D74576B6E50384E6653475851447845303D, null, 0x30596A5A2B6242437144306E795153526453734767786A3774734959306B475232756179554C41535731553D, '2016-09-02 11:12:58', 'System', '2016-09-02 18:12:58', 'System');
INSERT INTO `customer_info` VALUES ('36', 0x2B52663575446971673857626E555235723833593370457863465039744B45667775585248556C736444593D, 0x58674F5632584D314C71646D4E73422F326B2B446C2B5763597749774838723946433232495462726935673D, 0x4851485078692B6A594548352B31614676494168714E73324A7078663151396F3279316E45313533536A383D, 0x2B354E2F54534661324C4274665A4A494278344D2F786754754A31374F5A6848304F6262714C6C3463416B3D, 0x347634495A5676433655777532534B6C676E557579716C704C445737676D684C7A683570425575667170553D, 0x395A4E6C55733258303044735578774975745352756A58544A6B617072666358416558333064524B694C303D, '3', 0x6C2F6D6D4F2F71384C79477433486A4E477775422B557179564F30536B622F397279664C4E51684945716B3D, '2016-09-05 05:09:58', 'System', '2016-09-05 12:09:58', 'System');
INSERT INTO `customer_info` VALUES ('37', 0x746B6E6D41467953574C69574D476C53514364576744513135545967526430487A612F2F317838787743303D, 0x6B7968797736694A63464E435445644E7356426544674F6D436246314C514679556F6B50786F3552724A303D, 0x533252426E466F31416E675474706D426B4B72714D524F5A354B696E77756544506C31492B7144676E7A773D, 0x37466D727675784C454836624A304A587452614931537356796D67766E384A47414474776865396B7748493D, 0x4B495042683748713543313079454A7758627648484670392B52445246567654576D464F636862674754553D, 0x4957517731346B4B4233425553316874395A6F4F6E542F333851484F79416932756C4F44534C516952484D3D, '177', 0x5978396E7A726465374B426D716962486B706557304967455431683246533438696C4C36584B6C7566436F3D, '2016-09-05 05:11:29', 'System', '2016-09-05 12:11:29', 'System');
INSERT INTO `customer_info` VALUES ('38', 0x703576505A3943445071572B7A6E774E5A62356767474E6B4339704B4F4E50706D434A57474C554D756E7A5765785A7A786975376F2F42713665477931396A72, 0x48337A54696438577A364C4B455A6471723678797046615537434576782F3342546D5A3465756E77434B7733414B49426865523268654A5145315658354D7468367A51394A7045723230414B303765396369343052773D3D, 0x544B716668692B2F686B56374C5161776363683435584B7567526A77456C4A6664674D42444752784743513D, 0x424E4A336B53475839714552572B57695A39513171696D5445424C3641476C77323039477A7352426F4A553D, 0x654544617372704D466369614578613352363867733977316B5A453446473964635753434A465A66333839686C74513777457371524B4556746F587834784178, 0x632F7A384E5668512B6A62674534754D504734674F5853706350304D5779742B4F4F4556747650626834673D, '176', 0x5176576D50546668716C3435467256394B497459434A327A6E7A46454F326568774A386B36585663493730794C4F2B32495370386B5A4A786D61452F426E79734A374835374A4671317168375A656E727839623736413D3D, '2016-09-24 01:15:39', 'System', '2016-09-24 08:15:39', 'System');
INSERT INTO `customer_info` VALUES ('39', 0x6D4734775550446A6E417A6D5665466E6B62756C484566764F6D556A4C37444865785870587A67624267556479764958636E754B516F4F7A4352643666616E50, 0x3076686E30435566596E3970722F646569747648454A504979716567754F42684233344736384A596A434734615A4856554577616A486F634E473349624E345A4666446D3263514134367356657A67675250767766673D3D, 0x376450546D6939677464326777512B345775533163725964497047526975756D394177586A414C4B58616B3D, 0x58494A6761655A7A4D356F3875636C31704255576A6833535A6C486136486469732F624854674C646D54733D, 0x473835517564325254756D4C502B4A6C654D566F546F2F32324B4C71447177626B783057306D50445065384E796A6F32654A6D46344C6A497775316676554475, 0x512B476E667744642B48394C3046344548304532397150564376422F346D56397975375251686D6D7837513D, '176', 0x413667523777365865352F5A5658756364692F7256744E686D4456754F6145364E366142697449594F5A633D, '2016-09-27 08:39:59', 'System', '2016-09-27 15:39:59', 'System');
INSERT INTO `customer_info` VALUES ('40', 0x676C4369347171664F634C704F737A727668754D523037534E3559565469696C50464D5163314135644F65314E727068626C572B774A33725930346D4E4A505A, 0x36445768346C4474616273336163777463555157383868627A463564647551496678763472454538756E767563364678763031645A4C724C4247356A524B372F5179514A75554A555A4D7134474957523357367A72513D3D, 0x6A694852616877566A4C326935753250633574423447546539566A2B5455517A4C36374555487635486C593D, 0x7471394F724C78764A34776A6478676C6A713138753678556F716350507633674A445A6A43506965486C453D, 0x796F7A386D64684D5676544B39574E4C4F7748527938394E365331366576782B326D477463474B5A36702F7146564146515468396572644B64316567784E4D30, 0x4C7336754F68337A663039534A764B726D5856363641662F38636E69686F527A4F31434F72766C662B4F593D, '176', 0x5533676A6B74467474616B56413975796665575767544C543665782B6973754B5171456B4B46564246366F3D, '2016-09-27 08:40:23', 'System', '2016-09-27 15:40:23', 'System');
INSERT INTO `customer_info` VALUES ('41', 0x385A7578426B573950742B30797068424472746333463161484A59736941662B6F507066312B61534A44493D, 0x7635773854474F546556523535697965354C2F484E4F734675614736586248786E4835507A4947437761493D, 0x486A4E6B584D464B522F4C636B556D4635545036634D31452F7658485A652F3457466F6537504764447A633D, 0x5033324556572F7A4A71587A4E37336765684C44555647326770656557484362415158396A7272537630343D, 0x7331484A6C4744344D64647361725175486B31453054644F776E77557651795A7276796C6276367A336B6B3D, 0x45684753725164477353766148586E6E657A6E73355A7276764F2B31687A6C5338526552556170325265453D, '176', 0x6F43636838686C53462F6D45566162516C32356C41776575344B5648417553347530466945534C6364706F3D, '2016-09-27 09:14:21', 'System', '2016-09-27 16:14:21', 'System');
INSERT INTO `customer_info` VALUES ('42', 0x3277486473317441363235635768472B386E554358336333362B7138766A42516C314B6D646E614D324B63376A2B437457336F6C59365744456E637252564E65, 0x626D6A43564D654A6D6F635830714479312F73654F7358566F63795262367574564F45756679704756345A565A467057496A63336D337A794F764E3961732F776B4F4E6647426531346C6D58666C59445579547535773D3D, 0x2B356C3169535342756773796D42494C596F3169766849616C5366756B3076552B684E336C4A4B496762383D, 0x576B5568435A4555575973676433696432706F69532B4F5A514A3936366F4C4A4B75642F6D523968464D303D, 0x4D545745515148343037444A423566616579504E6D36705652384733764476394168524F4141594945684759416C463665354D6B385642586D2B67347645792F, 0x7649525237304D68717358515774546A69436579634B524E5563394A6B2F34504135664A4F6D5672526D6F3D, '176', 0x72586C366E332B6B37554468545A51686D39324F4E357555342B73697376516C6F6839442F536F4A3661725954443738537175772B425647532B53485654754F527036654A4E442B653875725A4B3442724D666D54513D3D, '2016-10-07 07:19:15', 'Self Order', '2016-10-07 07:19:15', 'Self Order');
INSERT INTO `customer_info` VALUES ('43', 0x47734875725851764E48356D43666E54765A5841556A6D34595568454C6F665A376177576C6866636848634D763359756A6856786D7A6D4561687643562B3050, 0x476E54692B58734374786A744B744B5334437754435056526D75774A5A754A7063665A7A66587675344D566C68344E375676536266616359715662344C68414E5352667355434757716C31676C5248745351746F45773D3D, 0x51773054514536517871617368696F3878596D614645616F53335453727764344357713968374E71455A303D, 0x302B50782B46744B424972314C4A7A444A376E6A7938613048346A5A634E52637034695A70737145626D513D, 0x377055555042416D4D5A3632525262795052776B4E7A336A305969436468313752434B453173487835446632434747526E45616A6D2B615070572F3539386A68, 0x59564A5443316161367044666B7471766F716563756F6869674563545747666C4B6A503456536C716842383D, '176', 0x587661547932734955563272686A564C4344685150574A2B7871735159324C2B4E6A77554F3351574D594F70352F325258637751364F534C526A6F2F326F3869647459773151574F56676A624156682B746A556637513D3D, '2016-10-07 07:21:07', 'Self Order', '2016-10-07 07:21:07', 'Self Order');
INSERT INTO `customer_info` VALUES ('44', 0x44734D626141397A31376434584D4D492B6B6F4B532B516139356641754E6C5933305548732B7A6473763442716D6538316E46363563433444446B656B335663, 0x4345457A617845544C6968747834417045446A6A364E72634F4E746A66617A376D3439346D434B624368455533686942357376797144496E6E576C43593350634439474863767A69696E6B316F3339624754697047673D3D, 0x457044732F323432414F6138544777784E382B5256536A58325345435536443339687869645562583076773D, 0x705A727674364C2F6678655149414D2B5364465642486C386736395A7231716C3135415A7374444E3235383D, 0x59706A4164426544575376355143632B6A47534B484C686A6A4B68355A4E655964377468654E53746B7535765150645A6448526B2F3878313831372F66397853, 0x47583039362B486539345452637837373146756547393554595037414F68683641756E74576B494A4644413D, '176', 0x51664C5873656E70786837577358445A4C716D50436857736C6F3753683255485054784B484C5370436A3135497A3639422F4235426D76334D4557362B627A6D39312B7177637948444D312B34424A444B674E344A673D3D, '2016-10-07 07:21:22', 'Self Order', '2016-10-07 07:21:22', 'Self Order');
INSERT INTO `customer_info` VALUES ('45', 0x6E736C7A3269792B4C6D48706142744B6B7933746C644578722F4147637A6A6C39684F546D6E496E367A697965446162447952554175695247582B576A76324E, 0x2B334751637659794D7A5861492F534331425A6642547361557A6835455177485844346E56706F345446353836754650743539495962564F386B367569464C393768765872756543694A324745484E7A64342B5432413D3D, 0x6C61514E6B43436C6F564E4C304D457931782B686A6B7A4A5A4B646337304A4C7130615045704D356931513D, 0x4C365147326769616858686D4E6956415057624677734165624979526652744665694E54797874766C6B513D, 0x667A4156333138592B75706F4C7673713657665633347554414A783378614A483648374D2F552F466D375032617341335A4B55686D7868455854657861386E48, 0x6F417130673738677067582F347568446E386B44576D7174384C4B6E307A765571697A5A3647644A64556B3D, '176', 0x5647573054704F526447436C6F664A7132625A7161763679764C42466362384A724C377052476E4354667A726749717867535830716A704479714C55556C646356714B705074456A563457636D4D4C4C74576D7679773D3D, '2016-10-07 07:22:00', 'Self Order', '2016-10-07 07:22:00', 'Self Order');
INSERT INTO `customer_info` VALUES ('46', 0x7379786D6A694372533854734A624B71736638724E5662527A556F47666461772F513650613377576F593755494D54445931654A4B54495758386D705A362F6C, 0x466F2F48412F526C777137334A7467563977656958794E797A2F366A4434686B4A717250705449504753674F6F6F6B51726D4765744859456E345058434E4E32312B4A704A3174766743444538624565554F704156413D3D, 0x4F56363649434F4575716B79464365374C70346C6F7757613565656C5953387A5461534F65693443726F343D, 0x7979534E35554E7A6F714A587642727873724847566A6247487958733342345A6D75357052566561756D453D, 0x684C497752456F56394B6A746459354F326371644E564E516D44316B6A32626865305333302F4150773151545735706B3836544774423848756B59716A437430, 0x4574674A344A6B463766527A6D686577696C5646576B66696F343945576154612B582F357732626172796B3D, '176', 0x357578354E5A5270342B3177533267456E50767533534A78682B6E4537416B427749763143327050485A4B31782B55625952614356772B49736C463936326A4F6E6E724D51322B2F77756249736544554C6A65686C413D3D, '2016-10-07 07:22:26', 'Self Order', '2016-10-07 07:22:26', 'Self Order');
INSERT INTO `customer_info` VALUES ('47', 0x6D75567938786A566F39535A6574526F336E6B6A51546745786239755239462F3676766D7079636336504C6B426451525950336D6F4D7830487244304261332F, 0x3237596463776F4843424773376D416D7A737263726E6769357333696E436E593273484C6F4261703839756E54344D4C78502F6F67706B2B635A64306C4E4C6475794D614C5751647557526D6B756A4F6357756F4E413D3D, 0x3878657A4457786C686368464773416B79555342574C5938634C2B426157345868643250316C796D794E493D, 0x316A45512F315A4A6F7A48647A772F556A556B586E39795451357458332B354B75796A48566D6845672F733D, 0x506350617757516737423236326331795478464A5A736D59386141524E334544584A716C306D522B4F6269335745774A4D636B6E4A736746496C75496A693365, 0x5357746E53753263797764735145783543637654495472617A7553456143532F63363763706651747635773D, '176', 0x4956436A722B58614C41734E4C707449394957676731496B6D306A625A38464C4B7050756D6337563670344F766F73383563726D6D4F792B554F586B36565031485066765556776D6F4462366F55706F4B54547758673D3D, '2016-10-07 07:23:01', 'Self Order', '2016-10-07 07:23:01', 'Self Order');
INSERT INTO `customer_info` VALUES ('48', 0x556568357141396E326573526D54705A50726A496143304E79344A5253563375674C4252465A5045734E486C736A5858414F624D4F7262446D546B7673354D4C, 0x48347970415734696C56463044654131505A3151657268714551576862787849773745696F4842706D674B785741526F767353786D5333616A6A523347666B6859694C2F63414161744E3064317448375250735739773D3D, 0x6F766246516D66426C61564779537A4A7142663436715279315145656534436F4872772F547935514670493D, 0x3661365774536D55653167544172664E4B54336B484B7A506662714D694B5A694770736B33636C2F52556B3D, 0x4D4E58794C6E536A6936345A2B314673783638526A7535305136545834384C312B554F45304F6C78564E714B716970334E767756374B614E764F64344F774869, 0x38516A6B3462716E58543268586F35784B6A61525264304B656C35444B6A735035434B4F412F76776369553D, '176', 0x46684C554E71544433306B6855452F3245786C6F43725A6B70366A4E332B73717237683336573959497A7153646A6957732B664B5371426630494542684939754A6C6A44424A5A7951553931434C516C6E416F6453673D3D, '2016-10-07 07:24:51', 'Self Order', '2016-10-07 07:24:51', 'Self Order');
INSERT INTO `customer_info` VALUES ('49', 0x6E354464787263426F426A74554F6C684B4E713245456171526E5479334B6374335268395559517846683554464C596543524470444969557852325570793674, 0x5A6730657451373742594A7A414776637530355A41516D4342626F3776534F72626156723070424D46313375763645423961502F35616254684373437771584A41466C44344C2B485250365774354B546F562F6A49773D3D, 0x75622F587452626E3470647A50566639614330775861794B4D484250382B4C2F7548714558522B394C7A6F3D, 0x6E544973624D76685A2F314A4B314C634633385738375643496C315947367A716947593365626E332F49493D, 0x72367154325353666C634861635570736E7977776435326353747030726556454667524C305A697A6155715064706B706A6848327936546E416D76532F545968, 0x656D4C7279525978376678574A3657336376507A754E49686B3536325341536751395A6672315A303269303D, '176', 0x576F58434F337777385A7972774B6D74646178644F574231486468324D77547A636578592B376E436D6D7248797A73636E5A63646354727A2B4E624F5879774A6D517832654C656F4A6F707A75585A6D706E706439673D3D, '2016-10-07 07:27:07', 'Self Order', '2016-10-07 07:27:07', 'Self Order');
INSERT INTO `customer_info` VALUES ('50', 0x4A2B49782F696534385435676D7332384641717452557751336A7058534D566F3469552B5869566D5462773534692B6556303677376142735A686130556D344F, 0x71347A6E6B504C34793873307A67376B4C576D47623836526E7362757365326E6A5570486774757A30367248787261793446356F5841634D4B515A306E6B6B473833534B6E454C3263674F634E54796C4A49635636773D3D, 0x76764755444A5466725244783839696873785A507543705754396E394B5A72547A717251442B34316C6F593D, 0x2F552B6D7A3131333351336C32335574355959373955316A623053626D446B39544B55704A474F795031593D, 0x4530475151746E693633314664385679725251694B7433362F627A6C376A664E4C3933466B4A7553447763304A6F4353314A4972534E2B52467A6F743763384B, 0x336965654E6358486F394F384B5849316674687971504847574E797235753254453955664C5565355946303D, '176', 0x4963786365684C364A55593257376A58654E487332545136644C766E3879337A444F4E6F3949533059542B316678534958674E4D5A6835334163533453436548412F34385570663947687558574168356659556C39673D3D, '2016-10-07 07:27:29', 'Self Order', '2016-10-07 07:27:29', 'Self Order');
INSERT INTO `customer_info` VALUES ('51', 0x526D687367692F4E4656705470354E3851306B3277655642633436686A417877525733682F476B4777717939516E52567A454E4165544F4C7232415334617053, 0x7438594D76344F61594479525130374855416B68495432302B67316E4E47724E6A7149444A356250632B583646466659416D336738543856436B4170773262486C415031636A7164563248726D49702B49797A634D513D3D, 0x4B68624871625068363048672F5751516935314734674D536B4E62574752325A46314F7A4B4549324576383D, 0x6B7A65545A34416B594138386B4A38464441555766537458656D4963696356746E6758795638416F5530593D, 0x584436436548574972794E634C314D43777875576F45786D736A67493255726D2B48477972634E584E2F652B512F376A7A5567356D457272374B766E632F626B, 0x3277594B53436A464A456566436C2F75724D646644564179677679754F4D2F505748615A69576F324B70633D, '176', 0x416750305775713237616A496F765143326B2F686232754E6C2B365861746362454562415659462F543833424B42713136663347716D5235714C7063795A75526972674C3348334677526338783277453079773158673D3D, '2016-10-07 07:29:52', 'Self Order', '2016-10-07 07:29:52', 'Self Order');
INSERT INTO `customer_info` VALUES ('52', 0x79635A74384C734A4E4A6935425944326446496F307474552B697034665850435A734F6F6478655A6848473743646141484132784C4B76526750697958412F6E, 0x35376F444349395159346F656A6D36365A755868682B554471595132476F7078797264547254504649354D71584672772B68446B72754B617733716C7548304448682F31597A35316768534C6E594279642B6A4643673D3D, 0x794273377541644753505A6E4A2F4E2B64466E6533376E366A786531557667424C567533316A51796856513D, 0x30504B2B6E5776646E425831744E2F34754E724753344876587549596655625064716852756F53785974593D, 0x78396177706E547770653037564B666E4D415047724B46757A476E526B6C5575674F6142454939366A37515077755549356B715A6268416453596F2B49417354, 0x5152526C35765A3244757747444E59366A4C3331464A66394846637A7A6D545058717238375777524333593D, '176', 0x61625647543148523251784C477853794879594A4D456351745778394645436E39612B364F4C636E39483373424D6755352F79524B562B3567427176773773574C7172707751396944454B7950734A705277395874413D3D, '2016-10-07 07:30:13', 'Self Order', '2016-10-07 07:30:13', 'Self Order');
INSERT INTO `customer_info` VALUES ('53', 0x5270486D483148654C4E504A52666F757055484C514A476E776841734F764B5371534E454F344A724B6952347A34675544675239534E704966703853746D3759, 0x4348754646516579346D696D45555A454167343169317A71375355316C503533396336386A6A5A72484D4A4D6A633470374A6A424C76444D452F30456F534557625172704F4F63772B57796D4A5344434B566E5744413D3D, 0x714B5473666F46342F4A4C6E77336A6B397768724D41335233617A41792F536C38576B7875396444694D513D, 0x4965492B7465726B584C67496A4873716B2F365064666561616D713264564E6F3972306F6B4133764558493D, 0x6F48527867386B4632394E352B384B7068382B5430557642616273494A466E51412B4F57787433516254776747615854564836556976365356456F576C6C5247, 0x48547848307330556673322F56714874726E664D4D32305652794651485669523067304335566D47326A343D, '176', 0x663937563751796F47434D587637534A4F58786C66312B744941526272663070456B3371477A69515353584A5A6751654C77416C64687059312B75307652724C6839522F55315A4B45426E386B78414E6E49574B34413D3D, '2016-10-07 07:30:51', 'Self Order', '2016-10-07 07:30:51', 'Self Order');
INSERT INTO `customer_info` VALUES ('54', 0x354E6B54764C7765555551705052594C424735626D2F306E35646B5951746964323068686A685436463332313642715672446858342B2B746257364C48703872, 0x745761786254514877557659514852554E393652715058474D307274697865687061487273436A38687375427A5567512F466939716D65306A6347544B336D4B70644E5136497A4E436D42756545357A5051486B44413D3D, 0x50356A4A694B7437594D737353375459575751463559382B796F69654C733971786572573855454C316F493D, 0x6B786C4742673462364B4E502B5077316276474F587A736E314C2B45315752677553624E765575705053343D, 0x554C726D66425A3751506B32435038514477774D5030666871715A44664F55335964684E4975335731564B4F423857787257535142544D4C777849647A59795A, 0x4C637339734E53726C716F68776E77634F4D643031357334353054764B57756343306A756C6C736950304D3D, '176', 0x6A51306535696F2F516B32514C657056316F30473057334D4D52774168332B5331696F7539314C717579426F704A4938506E56536A367870695759514B4A5962476C7659785549416E505A6268376F6B5A736A462F413D3D, '2016-10-07 07:34:22', 'Self Order', '2016-10-07 07:34:22', 'Self Order');
INSERT INTO `customer_info` VALUES ('55', 0x6347797A473632696F2F58524C5367564636615A38646368694E455A6E556B6358737157464949675176664A4A507630486278412B5144306E6F342F32477154, 0x496A50744B445333562B6F533571584B2B6F6548534C7A596A3561662B7077346830754362645A4965507176414F69382F4836594C6E34574679464177524E2F544B4734556F324C77514C485A6F744D7777685355513D3D, 0x6465354F796E796559642F7A5A6E794179446E32345161397A567858685461475A6972527A2B2B616C68383D, 0x4967624C744F45794E70446230664F616A6C4C764C4B53617658555772465A744C6B2B76446B42475831343D, 0x4E4C534856702B344A6E61665359386B653141634C686A563072416E76353934676871656B50483836333875427955483336695444656A744D736B4B72486148, 0x3674564F33585258706D33696F3259346358565867655A78717761436B4233614D766B71784B325A6830453D, '176', 0x58414D69444A6B64576553486858434D7067756C716B52537342632F2B636F37586B455133746C5651325035736B37556C554C6C70565267716A5A5239786A317843646336707846476B4A4F43346D525874736C5A513D3D, '2016-10-07 07:35:27', 'Self Order', '2016-10-07 07:35:27', 'Self Order');
INSERT INTO `customer_info` VALUES ('56', 0x6B6A486C75716279657A5345383351354C5A4151393479676B6E47596A496E55384830744859395975733378503145706355774551483844754956352F623536, 0x6144676444523062754C31336B6677725231474E51614E652B6D5A45682F4C794A425136625A476E7A4B334B724775474F584F41724B32356F4F4C56786276672F7A5A6E5A663478724556375A672F492B4A54744D513D3D, 0x4E763161337A687363317A5162465965744569374C47304E70563252783569484B576E32676A42684B5A733D, 0x465032782B6E542B6338774D6935305930393275365348756E5830696978345841594F65374565426176383D, 0x792B7449675155564A67777231476B54496C734334334552774A554A506B4F4538762F64315853794C63556B7534736F6565765365516D546B325673574F4644, 0x6C77616D7934467756793947764D6553436231377A6E556745422F42422F6D7738673065546E54626158733D, '176', 0x5834543577724764417756524F2B48634677344C63476B7953534275494E49504E4F4E78725A4E2F62424E6B694B6D636A623767445755484C654D682B694842414A536A366C546448794C73487A52436B71427451773D3D, '2016-10-07 07:35:45', 'Self Order', '2016-10-07 07:35:45', 'Self Order');
INSERT INTO `customer_info` VALUES ('57', 0x34614E576C616744336D6557753247447156634B62546E5931663051712F2B474769795234363076465153707A30637063625866466E683678652B5741725557, 0x545668725667774C3331476C2F6937385530692B5272646B34394E727A53692B6769644A37694133326D574148692F347056505677704E432B6F486F4E565367633774694E77586E526A76444F6844777261457253413D3D, 0x4E684F66524E6A565356786D4E397752624A6A34646D69617153795A58496E2F4D6D54384E496D314F6D633D, 0x3635386D2B7137794C4B54664F537A4F3563382B75676A2F305167327931625232746139454F786365484D3D, 0x7265436666596B465645644C5A4C564B66342B2F3434574145704449486658744A467468513942545365577038696B48726F6B6D47497A7233705A7779637236, 0x6D6253465A41574C447A676858725A49376956724F474245755544353659506B6B55357A513554487744493D, '176', 0x484841556E536E7846396250526C33484F654F70457A39676A6C4B6559324738344E367130494E67686E366266377A347076677230414C46484C563253664172676F49704D4167433770303246633470434E756278413D3D, '2016-10-07 07:36:11', 'Self Order', '2016-10-07 07:36:11', 'Self Order');
INSERT INTO `customer_info` VALUES ('58', 0x6F614A646C304A4568384664634A73475461615A6947413332377847584F79445A47556E4A746E455673494651695051785566544D575A726830474F526E6D53, 0x774951774B7A585259636875584A51775A72494662646E706264366E6D613357307456355A384B6A67646F7273322F55556839544B7A38786E77385377656F454269754B2B50554250676169675343416A59597947773D3D, 0x37764F564F4F795331646138763632796476456D78307552636471786777706359565377676447726B70673D, 0x335634787065672B4C4B6763493251516646782F67444E617239394C4D66664F4452423475673038586B6B3D, 0x4F702F472F736C5547374B6B4C754B645937566C6E62334E746A2B736F6E7279706C31397276466C734935766C465649547A47624D3359486932666D45744C70, 0x727745654D5743615A6B2B497777536750715042655A6448445A47484947747943677441722B744C3548673D, '176', 0x73774E526D656634484F4E39424757714B633045304C49467A386A683372456D6631304C2F676C6363705A4C41755474723246325A2B3341396A782B52497159356F3850395552356C39345A2B4A796B6F67565066413D3D, '2016-10-07 07:36:31', 'Self Order', '2016-10-07 07:36:31', 'Self Order');
INSERT INTO `customer_info` VALUES ('59', 0x376C6B316656416F544E6975364C354757357739713556726A4558776570477A675177674C397969634E365061367466544F4259347461344136686C5778524C, 0x59794B4E5836395345434D42634B4D4F4D7661703244632B736F4B6164517330617A7439374D784241514F616972544D6976386838576B5A37705A62693244656168577861613030337A4270635A7A5A307A2B434F413D3D, 0x487A377462393563725442674A416C564C44442F4B46466450554E7057747A334D734641714D72784975513D, 0x30767531324C30464A6F4137636C4E666642386577446E4D50346835384C35566754432B454A505770336B3D, 0x4D74464B485949723534774532645351616F6757795A43414165685848764D6B576D5853753339414873704A77764736434D61674F732B484F61414375444B69, 0x35394D6E794273326D3759727A3746486F5971717135554369776D6F792F6935314E777766522F4C6167733D, '176', 0x6B53575666764C364B306837337478766E566D6134355A47366F66637A396B49424246717A5737573744577A69536954527A2B6E465A57544B396F39576C756C354C36765966365150366E61686B4F726D72676930513D3D, '2016-10-07 07:37:12', 'Self Order', '2016-10-07 07:37:12', 'Self Order');
INSERT INTO `customer_info` VALUES ('60', 0x587046566E4A68554B53726D6E6E7051764C6C68395A496B6B4E4E504E466A506E457543396B33496F387A63612F5172394E367A7062455853362F6B366D6448, 0x66645152467779584F6157357174613558394C5245694B31734F6B63555562774C63382F522B31684853675A3668783571307762675031306F492B4A4F6E59714E4B35527453594E303339687238734D34586D4C33513D3D, 0x6233317651556869777358682F7248706E4369625942454C2F6F316E6F6A564B765A564969766A6F7763513D, 0x4E754679526C766D4F6E626568777761793062597579485370484B486B6B634C68354772654B326A536D593D, 0x69424D48394C674A497A5746486E3047774976557965725333742B5662744439383938744D6E36437757704F4D302B45357246536E6F456C576A7031466F6255, 0x58753738684A434759664F5A41556D2B3549534F4161505971794E4A6D38695545696C49304451505579733D, '176', 0x744B596E6844393269734B6F3042466373352B6370326A633771766C6C70573448756568516B5853456B464D724F5134786C3359686654636B4F4D4F453948344C5973786E6E4F53647275477162584362704D5369773D3D, '2016-10-07 07:45:25', 'Self Order', '2016-10-07 07:45:25', 'Self Order');
INSERT INTO `customer_info` VALUES ('61', 0x5A387757786E6358754C4A656832794B50726A76622F7A79694643333745703272515238457764712F374D3D, 0x6F31324542564C61396F5879395A756968653833756F463273473861684F4D2B427756334A766E6253572F4831544C324E2B4B3974546833466E4C5970394B44, 0x3069763131633770394F383052736735764145456B3478674F6B31624445566845534978374C54706634733D, 0x396D5074646165727759714D52594A35676936754E7A72564937462F784F4A633555614F2B466461416C453D, 0x554C67454C6E5576304C50784A504F7867566C43334A5432703069725237365559513875643838582B52357A52527935345A4C4B346B396D723366623077576B, 0x7A46397933655A68716C466B4E6B747731685062656B5461377770697833433757366C34465449617578413D, '176', 0x4F6855545547337176426964435174524956414B646D6A2B6B345234684C494D42776A3256666143442F4C47725969486B6769507757707075782F782B68586F2F747648414A797468324744614D4D684A3434454F34593562567A6B596A4A614469657834322B6F317A61466D55586A484242752F386255386D354339545770, '2016-10-07 07:50:28', 'Self Order', '2016-10-07 07:50:28', 'Self Order');
INSERT INTO `customer_info` VALUES ('62', 0x412B45726C4F464E64414156414F5635674D57622B355A4365714E534F3364382F657731642F397A34514E7248674F5A7573796D4B6B5A754D73467962764851, 0x784E4D68495342374A544B536F346344796D656E4E43725A523459706B482B7A56474474486A3030686C3735776D322B445966726C31664F5830484B5278324162397568702B4B6B6D57752B5142394E6A4C566D39773D3D, 0x59573238624C4B702F50325936466379514A6D2F505A74376C393133694C5A794550466A4369782F5548733D, 0x4C426A314C76616941645043427A6956506C32693553764A4C66526C38346B58332F34426363432F732F6F3D, 0x41424E776677354B6B5558395371435177524E6B756F2B70626E3548745A6E693974624256566734773536714859695967504D6774633230623155594C79464A, 0x4D314633612F2F6C5950366C454848426E744679466173335648644646356A6D57524C3938795A723741303D, '176', 0x344C754D70666A6149626757784F4C75345965726E4B717A655974336571516D6F316459347367676F49633D, '2016-10-07 08:57:10', 'Self Order', '2016-10-07 08:57:10', 'Self Order');
INSERT INTO `customer_info` VALUES ('63', 0x61616D477A534D555262386C68493651414F77586B6A54366B4B766B4A4B38702F4177797369636C527870594C494C3345686C6F4F505574632F6D646D58554D, 0x674A32526D58573254576B6F6C6D4164782B46343470613466347676457A614255717153736162576F7371344531523445726B342F424D6F343566502B316A744A6C47493037544A7458632F6C47636E3245484A4D413D3D, 0x39436B6A5A4B3552353336655A794F6258304C5753714A32365154714672305A73625939772F4A424245673D, 0x2B726A454F343661665A5838756137694A4D3373612B636D7963664770656C373430307A43662F45306A343D, 0x657734544D6E4456774672696D6E746653726B717130596537572B7853526261534356716E5575634E696C4C4C7A6A2B2F4C4A6E4D49577339415A726B4E3466, 0x33786C79784C5649766B6F5647324333756B386D5877426259496753363065476644726277464E657043343D, '176', 0x624B65592F7251686D354A6E396F683137626674364E536458367643754A4352352B4356644A6B667335773D, '2016-10-07 09:06:42', 'Self Order', '2016-10-07 09:06:42', 'Self Order');
INSERT INTO `customer_info` VALUES ('64', 0x4136776935594935316B336D637678464C7255656C6D39784E73416556465235316D3553795A7056586F506D57774250435A4E352F426631784675642B5A6570, 0x51413175464E6E56497634547253426B73564A5168746659466A4654695547524C2B446F554673656530654657494E4F64332F6F436E615766784B7A6E684F6E31567531353434566572756B50313673776D46616F513D3D, 0x5344735A595871557469505141727950543245483976454968572F6F4E6856653242574E6955736C2F53493D, 0x774B5755366564412B59424E7A6E51645431727042445455707549544B3262326767773244394D633941453D, 0x75695A4B48427A54397061336334393356766F5542557750695868777174634C6475767731657A637449364175327A5367566739564A476278315336446C6B65, 0x78726D4162636370512F396C574A4E4A432B574D6D2F6D2B4D696C705746774C7335637650794C7A7045513D, '176', 0x784A68364453596153745630776B34665433387939796658395A4A48645832767A625644793342396945476438584E6D77723451546E506C494951506247392F, '2016-10-07 09:07:29', 'Self Order', '2016-10-07 09:07:29', 'Self Order');
INSERT INTO `customer_info` VALUES ('65', 0x6F484745474E766543566F6E324F6350715041427454584F6C4A4A45456A763844674E3279536A447646697A736A2B496548775276736A7732784E6F2B78566E, 0x736F65653778466A6B6A3874614C623838786450764D2B6A334B366D506867717A7A48655576444E69546276775955584C5533444372346A4449416E614F746341486E57655A31357238786F50454B326650435051673D3D, 0x594E4E63356269644162644439724C45353475553232706F4675513433556E70486462315342587767676F3D, 0x6755716B7A4849514355682B6C4248746378567A6E51724475544D664743614F71697A39734634424C336B3D, 0x6A48714575466C744545334C506F6F6D4A345A66504E504F50617956664671506C69666359587442363256706F7666612F475A6974372F394861676554324135, 0x6A45454E4D6D4C6A55304A6D5A38317772325651734F6670307555506F4B33586B3134684C783630454A6F3D, '176', 0x69726C7473387353507165773771712B766E535065614978564B6F5A473972434F3757653377384D514A6E5265774E4A4A4142713971577A5548547875586A6E, '2016-10-07 09:09:07', 'Self Order', '2016-10-07 09:09:07', 'Self Order');
INSERT INTO `customer_info` VALUES ('66', 0x6830374F78454953743057434B6A535172777153594868764D7667665A64343862396D6753363831697853444A476C49723730576165514B6D725447386D596B, 0x516664423670677132323542576A6D6F7158646F795656533933694E314E333659732B3678595348426461672F5759493062687A68746D4A6A6F54594146304E694E654145706779567347316D42586D646C656566413D3D, 0x4F54377A4E45336B30656647723074317870466143726737787176446E58574D746B6669757559513033383D, 0x745449504571597375416C74674C7835535A74344D4E3139356548442B416D6E3361634D7A367645536B553D, 0x68324B7978644F6F30384630674974304E6F2F4A446E464C3852657A2F4565507876594339504356724143596B6962683273336F5552466D59564B3366616E4E, 0x56786D3635566E48717A2B4E667A56594457726E793553777839527937337335646262734F574A77694E453D, '176', 0x674344664370656F446F54443059764178512B342F67574678364C643162526E776F575444326B62414E495356685664354C467330344F365174424551434D42, '2016-10-07 09:23:21', 'Self Order', '2016-10-07 09:23:21', 'Self Order');

-- ----------------------------
-- Table structure for location_city
-- ----------------------------
DROP TABLE IF EXISTS `location_city`;
CREATE TABLE `location_city` (
  `id` int(255) NOT NULL AUTO_INCREMENT,
  `name` varchar(255) DEFAULT NULL,
  `province_id` int(255) NOT NULL,
  `status` enum('inactive','active') DEFAULT 'active',
  `input_date` timestamp NULL DEFAULT CURRENT_TIMESTAMP,
  `input_by` varchar(255) DEFAULT NULL,
  `update_date` timestamp NULL DEFAULT CURRENT_TIMESTAMP,
  `update_by` varchar(255) DEFAULT NULL,
  PRIMARY KEY (`id`),
  KEY `customer_location_city_province_id` (`province_id`),
  CONSTRAINT `customer_location_city_province_id` FOREIGN KEY (`province_id`) REFERENCES `location_province` (`id`) ON UPDATE CASCADE
) ENGINE=InnoDB AUTO_INCREMENT=222 DEFAULT CHARSET=utf8;

-- ----------------------------
-- Records of location_city
-- ----------------------------
INSERT INTO `location_city` VALUES ('1', 'Badung', '17', 'active', '2016-09-01 14:53:14', null, '2016-09-01 14:53:14', null);
INSERT INTO `location_city` VALUES ('2', 'Bangli', '17', 'active', '2016-09-01 14:53:14', null, '2016-09-01 14:53:14', null);
INSERT INTO `location_city` VALUES ('3', 'Buleleng', '17', 'active', '2016-09-01 14:53:14', null, '2016-09-01 14:53:14', null);
INSERT INTO `location_city` VALUES ('4', 'Denpasar', '17', 'active', '2016-09-01 14:53:14', null, '2016-09-01 14:53:14', null);
INSERT INTO `location_city` VALUES ('5', 'Gianyar', '17', 'active', '2016-09-01 14:53:14', null, '2016-09-01 14:53:14', null);
INSERT INTO `location_city` VALUES ('6', 'Jembrana', '17', 'active', '2016-09-01 14:53:14', null, '2016-09-01 14:53:14', null);
INSERT INTO `location_city` VALUES ('7', 'Karangasem', '17', 'active', '2016-09-01 14:53:14', null, '2016-09-01 14:53:14', null);
INSERT INTO `location_city` VALUES ('8', 'Klungkung', '17', 'active', '2016-09-01 14:53:14', null, '2016-09-01 14:53:14', null);
INSERT INTO `location_city` VALUES ('9', 'Tabanan', '17', 'active', '2016-09-01 14:53:14', null, '2016-09-01 14:53:14', null);
INSERT INTO `location_city` VALUES ('10', 'Cilegon', '11', 'active', '2016-09-01 14:53:14', null, '2016-09-01 14:53:14', null);
INSERT INTO `location_city` VALUES ('11', 'Lebak', '11', 'active', '2016-09-01 14:53:14', null, '2016-09-01 14:53:14', null);
INSERT INTO `location_city` VALUES ('12', 'Pandeglang', '11', 'active', '2016-09-01 14:53:14', null, '2016-09-01 14:53:14', null);
INSERT INTO `location_city` VALUES ('13', 'Serang', '11', 'active', '2016-09-01 14:53:14', null, '2016-09-01 14:53:14', null);
INSERT INTO `location_city` VALUES ('14', 'Tangerang', '11', 'active', '2016-09-01 14:53:14', null, '2016-09-01 14:53:14', null);
INSERT INTO `location_city` VALUES ('15', 'Bengkulu', '9', 'active', '2016-09-01 14:53:14', null, '2016-09-01 14:53:14', null);
INSERT INTO `location_city` VALUES ('16', 'BengkuluSelatan', '9', 'active', '2016-09-01 14:53:14', null, '2016-09-01 14:53:14', null);
INSERT INTO `location_city` VALUES ('17', 'BengkuluUtara', '9', 'active', '2016-09-01 14:53:14', null, '2016-09-01 14:53:14', null);
INSERT INTO `location_city` VALUES ('18', 'Kaur', '9', 'active', '2016-09-01 14:53:14', null, '2016-09-01 14:53:14', null);
INSERT INTO `location_city` VALUES ('19', 'Kepahiang', '9', 'active', '2016-09-01 14:53:14', null, '2016-09-01 14:53:14', null);
INSERT INTO `location_city` VALUES ('20', 'Lebong', '9', 'active', '2016-09-01 14:53:14', null, '2016-09-01 14:53:14', null);
INSERT INTO `location_city` VALUES ('21', 'MukoMuko', '9', 'active', '2016-09-01 14:53:14', null, '2016-09-01 14:53:14', null);
INSERT INTO `location_city` VALUES ('22', 'RejangLebong', '9', 'active', '2016-09-01 14:53:14', null, '2016-09-01 14:53:14', null);
INSERT INTO `location_city` VALUES ('23', 'Seluma', '9', 'active', '2016-09-01 14:53:14', null, '2016-09-01 14:53:14', null);
INSERT INTO `location_city` VALUES ('24', 'Bantul', '15', 'active', '2016-09-01 14:53:14', null, '2016-09-01 14:53:14', null);
INSERT INTO `location_city` VALUES ('25', 'GunungKidul', '15', 'active', '2016-09-01 14:53:14', null, '2016-09-01 14:53:14', null);
INSERT INTO `location_city` VALUES ('26', 'KulonProgo', '15', 'active', '2016-09-01 14:53:14', null, '2016-09-01 14:53:14', null);
INSERT INTO `location_city` VALUES ('27', 'Sleman', '15', 'active', '2016-09-01 14:53:14', null, '2016-09-01 14:53:14', null);
INSERT INTO `location_city` VALUES ('28', 'Yogyakarta', '15', 'active', '2016-09-01 14:53:14', null, '2016-09-01 14:53:14', null);
INSERT INTO `location_city` VALUES ('29', 'Jakarta', '12', 'active', '2016-09-01 14:53:14', null, '2016-09-01 14:53:14', null);
INSERT INTO `location_city` VALUES ('30', 'JakartaBarat', '12', 'active', '2016-09-01 14:53:14', null, '2016-09-01 14:53:14', null);
INSERT INTO `location_city` VALUES ('31', 'JakartaPusat', '12', 'active', '2016-09-01 14:53:14', null, '2016-09-01 14:53:14', null);
INSERT INTO `location_city` VALUES ('32', 'JakartaSelatan', '12', 'active', '2016-09-01 14:53:14', null, '2016-09-01 14:53:14', null);
INSERT INTO `location_city` VALUES ('33', 'JakartaTimur', '12', 'active', '2016-09-01 14:53:14', null, '2016-09-01 14:53:14', null);
INSERT INTO `location_city` VALUES ('34', 'JakartaUtara', '12', 'active', '2016-09-01 14:53:14', null, '2016-09-01 14:53:14', null);
INSERT INTO `location_city` VALUES ('35', 'KepulauanSeribu', '12', 'active', '2016-09-01 14:53:14', null, '2016-09-01 14:53:14', null);
INSERT INTO `location_city` VALUES ('36', 'BatangHari', '7', 'active', '2016-09-01 14:53:14', null, '2016-09-01 14:53:14', null);
INSERT INTO `location_city` VALUES ('37', 'Bungo', '7', 'active', '2016-09-01 14:53:14', null, '2016-09-01 14:53:14', null);
INSERT INTO `location_city` VALUES ('38', 'Jambi', '7', 'active', '2016-09-01 14:53:14', null, '2016-09-01 14:53:14', null);
INSERT INTO `location_city` VALUES ('39', 'Kerinci', '7', 'active', '2016-09-01 14:53:14', null, '2016-09-01 14:53:14', null);
INSERT INTO `location_city` VALUES ('40', 'Merangin', '7', 'active', '2016-09-01 14:53:14', null, '2016-09-01 14:53:14', null);
INSERT INTO `location_city` VALUES ('41', 'MuaroJambi', '7', 'active', '2016-09-01 14:53:14', null, '2016-09-01 14:53:14', null);
INSERT INTO `location_city` VALUES ('42', 'Sarolangun', '7', 'active', '2016-09-01 14:53:14', null, '2016-09-01 14:53:14', null);
INSERT INTO `location_city` VALUES ('43', 'TanjungJabungBarat', '7', 'active', '2016-09-01 14:53:14', null, '2016-09-01 14:53:14', null);
INSERT INTO `location_city` VALUES ('44', 'TanjungJabungTimur', '7', 'active', '2016-09-01 14:53:14', null, '2016-09-01 14:53:14', null);
INSERT INTO `location_city` VALUES ('45', 'Tebo', '7', 'active', '2016-09-01 14:53:14', null, '2016-09-01 14:53:14', null);
INSERT INTO `location_city` VALUES ('46', 'Bandung', '13', 'active', '2016-09-01 14:53:14', null, '2016-09-01 14:53:14', null);
INSERT INTO `location_city` VALUES ('47', 'BandungBarat', '13', 'active', '2016-09-01 14:53:14', null, '2016-09-01 14:53:14', null);
INSERT INTO `location_city` VALUES ('48', 'BanjarBDO', '13', 'active', '2016-09-01 14:53:14', null, '2016-09-01 14:53:14', null);
INSERT INTO `location_city` VALUES ('49', 'Bekasi', '13', 'active', '2016-09-01 14:53:15', null, '2016-09-01 14:53:15', null);
INSERT INTO `location_city` VALUES ('50', 'Bogor', '13', 'active', '2016-09-01 14:53:15', null, '2016-09-01 14:53:15', null);
INSERT INTO `location_city` VALUES ('51', 'Ciamis', '13', 'active', '2016-09-01 14:53:15', null, '2016-09-01 14:53:15', null);
INSERT INTO `location_city` VALUES ('52', 'Cianjur', '13', 'active', '2016-09-01 14:53:15', null, '2016-09-01 14:53:15', null);
INSERT INTO `location_city` VALUES ('53', 'Cimahi', '13', 'active', '2016-09-01 14:53:15', null, '2016-09-01 14:53:15', null);
INSERT INTO `location_city` VALUES ('54', 'Cirebon', '13', 'active', '2016-09-01 14:53:15', null, '2016-09-01 14:53:15', null);
INSERT INTO `location_city` VALUES ('55', 'Depok', '13', 'active', '2016-09-01 14:53:15', null, '2016-09-01 14:53:15', null);
INSERT INTO `location_city` VALUES ('56', 'Garut', '13', 'active', '2016-09-01 14:53:15', null, '2016-09-01 14:53:15', null);
INSERT INTO `location_city` VALUES ('57', 'Indramayu', '13', 'active', '2016-09-01 14:53:15', null, '2016-09-01 14:53:15', null);
INSERT INTO `location_city` VALUES ('58', 'Karawang', '13', 'active', '2016-09-01 14:53:15', null, '2016-09-01 14:53:15', null);
INSERT INTO `location_city` VALUES ('59', 'Kuningan', '13', 'active', '2016-09-01 14:53:15', null, '2016-09-01 14:53:15', null);
INSERT INTO `location_city` VALUES ('60', 'Majalengka', '13', 'active', '2016-09-01 14:53:15', null, '2016-09-01 14:53:15', null);
INSERT INTO `location_city` VALUES ('61', 'Purwakarta', '13', 'active', '2016-09-01 14:53:15', null, '2016-09-01 14:53:15', null);
INSERT INTO `location_city` VALUES ('62', 'Subang', '13', 'active', '2016-09-01 14:53:15', null, '2016-09-01 14:53:15', null);
INSERT INTO `location_city` VALUES ('63', 'Sukabumi', '13', 'active', '2016-09-01 14:53:15', null, '2016-09-01 14:53:15', null);
INSERT INTO `location_city` VALUES ('64', 'Sumedang', '13', 'active', '2016-09-01 14:53:15', null, '2016-09-01 14:53:15', null);
INSERT INTO `location_city` VALUES ('65', 'Tasikmalaya', '13', 'active', '2016-09-01 14:53:15', null, '2016-09-01 14:53:15', null);
INSERT INTO `location_city` VALUES ('66', 'Banjarnegara', '14', 'active', '2016-09-01 14:53:15', null, '2016-09-01 14:53:15', null);
INSERT INTO `location_city` VALUES ('67', 'Banyumas', '14', 'active', '2016-09-01 14:53:15', null, '2016-09-01 14:53:15', null);
INSERT INTO `location_city` VALUES ('68', 'Batang', '14', 'active', '2016-09-01 14:53:15', null, '2016-09-01 14:53:15', null);
INSERT INTO `location_city` VALUES ('69', 'Blora', '14', 'active', '2016-09-01 14:53:15', null, '2016-09-01 14:53:15', null);
INSERT INTO `location_city` VALUES ('70', 'Bojonegoro', '14', 'active', '2016-09-01 14:53:15', null, '2016-09-01 14:53:15', null);
INSERT INTO `location_city` VALUES ('71', 'Boyolali', '14', 'active', '2016-09-01 14:53:15', null, '2016-09-01 14:53:15', null);
INSERT INTO `location_city` VALUES ('72', 'Brebes', '14', 'active', '2016-09-01 14:53:15', null, '2016-09-01 14:53:15', null);
INSERT INTO `location_city` VALUES ('73', 'Cilacap', '14', 'active', '2016-09-01 14:53:15', null, '2016-09-01 14:53:15', null);
INSERT INTO `location_city` VALUES ('74', 'Demak', '14', 'active', '2016-09-01 14:53:15', null, '2016-09-01 14:53:15', null);
INSERT INTO `location_city` VALUES ('75', 'Grobogan', '14', 'active', '2016-09-01 14:53:15', null, '2016-09-01 14:53:15', null);
INSERT INTO `location_city` VALUES ('76', 'Jepara', '14', 'active', '2016-09-01 14:53:15', null, '2016-09-01 14:53:15', null);
INSERT INTO `location_city` VALUES ('77', 'KarangAnyar', '14', 'active', '2016-09-01 14:53:15', null, '2016-09-01 14:53:15', null);
INSERT INTO `location_city` VALUES ('78', 'Kebumen', '14', 'active', '2016-09-01 14:53:15', null, '2016-09-01 14:53:15', null);
INSERT INTO `location_city` VALUES ('79', 'Kendal', '14', 'active', '2016-09-01 14:53:15', null, '2016-09-01 14:53:15', null);
INSERT INTO `location_city` VALUES ('80', 'Klaten', '14', 'active', '2016-09-01 14:53:15', null, '2016-09-01 14:53:15', null);
INSERT INTO `location_city` VALUES ('81', 'Kudus', '14', 'active', '2016-09-01 14:53:15', null, '2016-09-01 14:53:15', null);
INSERT INTO `location_city` VALUES ('82', 'Magelang', '14', 'active', '2016-09-01 14:53:15', null, '2016-09-01 14:53:15', null);
INSERT INTO `location_city` VALUES ('83', 'Pati', '14', 'active', '2016-09-01 14:53:15', null, '2016-09-01 14:53:15', null);
INSERT INTO `location_city` VALUES ('84', 'Pekalongan', '14', 'active', '2016-09-01 14:53:15', null, '2016-09-01 14:53:15', null);
INSERT INTO `location_city` VALUES ('85', 'Pemalang', '14', 'active', '2016-09-01 14:53:15', null, '2016-09-01 14:53:15', null);
INSERT INTO `location_city` VALUES ('86', 'Purbalingga', '14', 'active', '2016-09-01 14:53:15', null, '2016-09-01 14:53:15', null);
INSERT INTO `location_city` VALUES ('87', 'Purworejo', '14', 'active', '2016-09-01 14:53:15', null, '2016-09-01 14:53:15', null);
INSERT INTO `location_city` VALUES ('88', 'Rembang', '14', 'active', '2016-09-01 14:53:15', null, '2016-09-01 14:53:15', null);
INSERT INTO `location_city` VALUES ('89', 'Salatiga', '14', 'active', '2016-09-01 14:53:15', null, '2016-09-01 14:53:15', null);
INSERT INTO `location_city` VALUES ('90', 'Semarang', '14', 'active', '2016-09-01 14:53:15', null, '2016-09-01 14:53:15', null);
INSERT INTO `location_city` VALUES ('91', 'Sragen', '14', 'active', '2016-09-01 14:53:15', null, '2016-09-01 14:53:15', null);
INSERT INTO `location_city` VALUES ('92', 'Sukoharjo', '14', 'active', '2016-09-01 14:53:15', null, '2016-09-01 14:53:15', null);
INSERT INTO `location_city` VALUES ('93', 'Surakarta', '14', 'active', '2016-09-01 14:53:15', null, '2016-09-01 14:53:15', null);
INSERT INTO `location_city` VALUES ('94', 'Tegal', '14', 'active', '2016-09-01 14:53:15', null, '2016-09-01 14:53:15', null);
INSERT INTO `location_city` VALUES ('95', 'Temanggung', '14', 'active', '2016-09-01 14:53:15', null, '2016-09-01 14:53:15', null);
INSERT INTO `location_city` VALUES ('96', 'Wonogiri', '14', 'active', '2016-09-01 14:53:15', null, '2016-09-01 14:53:15', null);
INSERT INTO `location_city` VALUES ('97', 'Wonosobo', '14', 'active', '2016-09-01 14:53:15', null, '2016-09-01 14:53:15', null);
INSERT INTO `location_city` VALUES ('98', 'Bangkalan', '16', 'active', '2016-09-01 14:53:15', null, '2016-09-01 14:53:15', null);
INSERT INTO `location_city` VALUES ('99', 'Banyuwangi', '16', 'active', '2016-09-01 14:53:15', null, '2016-09-01 14:53:15', null);
INSERT INTO `location_city` VALUES ('100', 'Batu', '16', 'active', '2016-09-01 14:53:15', null, '2016-09-01 14:53:15', null);
INSERT INTO `location_city` VALUES ('101', 'Blitar', '16', 'active', '2016-09-01 14:53:15', null, '2016-09-01 14:53:15', null);
INSERT INTO `location_city` VALUES ('102', 'Bondowoso', '16', 'active', '2016-09-01 14:53:15', null, '2016-09-01 14:53:15', null);
INSERT INTO `location_city` VALUES ('103', 'Gresik', '16', 'active', '2016-09-01 14:53:15', null, '2016-09-01 14:53:15', null);
INSERT INTO `location_city` VALUES ('104', 'Jember', '16', 'active', '2016-09-01 14:53:15', null, '2016-09-01 14:53:15', null);
INSERT INTO `location_city` VALUES ('105', 'Jombang', '16', 'active', '2016-09-01 14:53:15', null, '2016-09-01 14:53:15', null);
INSERT INTO `location_city` VALUES ('106', 'Kediri', '16', 'active', '2016-09-01 14:53:15', null, '2016-09-01 14:53:15', null);
INSERT INTO `location_city` VALUES ('107', 'Lamongan', '16', 'active', '2016-09-01 14:53:15', null, '2016-09-01 14:53:15', null);
INSERT INTO `location_city` VALUES ('108', 'Lumajang', '16', 'active', '2016-09-01 14:53:15', null, '2016-09-01 14:53:15', null);
INSERT INTO `location_city` VALUES ('109', 'Madiun', '16', 'active', '2016-09-01 14:53:15', null, '2016-09-01 14:53:15', null);
INSERT INTO `location_city` VALUES ('110', 'Magetan', '16', 'active', '2016-09-01 14:53:15', null, '2016-09-01 14:53:15', null);
INSERT INTO `location_city` VALUES ('111', 'Malang', '16', 'active', '2016-09-01 14:53:15', null, '2016-09-01 14:53:15', null);
INSERT INTO `location_city` VALUES ('112', 'Mojokerto', '16', 'active', '2016-09-01 14:53:15', null, '2016-09-01 14:53:15', null);
INSERT INTO `location_city` VALUES ('113', 'Nganjuk', '16', 'active', '2016-09-01 14:53:15', null, '2016-09-01 14:53:15', null);
INSERT INTO `location_city` VALUES ('114', 'Ngawi', '16', 'active', '2016-09-01 14:53:15', null, '2016-09-01 14:53:15', null);
INSERT INTO `location_city` VALUES ('115', 'Pacitan', '16', 'active', '2016-09-01 14:53:15', null, '2016-09-01 14:53:15', null);
INSERT INTO `location_city` VALUES ('116', 'Pamekasan', '16', 'active', '2016-09-01 14:53:15', null, '2016-09-01 14:53:15', null);
INSERT INTO `location_city` VALUES ('117', 'Pasuruan', '16', 'active', '2016-09-01 14:53:15', null, '2016-09-01 14:53:15', null);
INSERT INTO `location_city` VALUES ('118', 'Ponorogo', '16', 'active', '2016-09-01 14:53:15', null, '2016-09-01 14:53:15', null);
INSERT INTO `location_city` VALUES ('119', 'Probolinggo', '16', 'active', '2016-09-01 14:53:15', null, '2016-09-01 14:53:15', null);
INSERT INTO `location_city` VALUES ('120', 'Sampang', '16', 'active', '2016-09-01 14:53:15', null, '2016-09-01 14:53:15', null);
INSERT INTO `location_city` VALUES ('121', 'Sidoarjo', '16', 'active', '2016-09-01 14:53:15', null, '2016-09-01 14:53:15', null);
INSERT INTO `location_city` VALUES ('122', 'SidoarjoSUB', '16', 'active', '2016-09-01 14:53:15', null, '2016-09-01 14:53:15', null);
INSERT INTO `location_city` VALUES ('123', 'Situbondo', '16', 'active', '2016-09-01 14:53:15', null, '2016-09-01 14:53:15', null);
INSERT INTO `location_city` VALUES ('124', 'Sumenep', '16', 'active', '2016-09-01 14:53:15', null, '2016-09-01 14:53:15', null);
INSERT INTO `location_city` VALUES ('125', 'Surabaya', '16', 'active', '2016-09-01 14:53:15', null, '2016-09-01 14:53:15', null);
INSERT INTO `location_city` VALUES ('126', 'Trenggalek', '16', 'active', '2016-09-01 14:53:15', null, '2016-09-01 14:53:15', null);
INSERT INTO `location_city` VALUES ('127', 'Tuban', '16', 'active', '2016-09-01 14:53:15', null, '2016-09-01 14:53:15', null);
INSERT INTO `location_city` VALUES ('128', 'Tulungagung', '16', 'active', '2016-09-01 14:53:15', null, '2016-09-01 14:53:15', null);
INSERT INTO `location_city` VALUES ('129', 'BandarLampung', '10', 'active', '2016-09-01 14:53:15', null, '2016-09-01 14:53:15', null);
INSERT INTO `location_city` VALUES ('130', 'LampungBarat', '10', 'active', '2016-09-01 14:53:15', null, '2016-09-01 14:53:15', null);
INSERT INTO `location_city` VALUES ('131', 'LampungSelatan', '10', 'active', '2016-09-01 14:53:15', null, '2016-09-01 14:53:15', null);
INSERT INTO `location_city` VALUES ('132', 'LampungTengah', '10', 'active', '2016-09-01 14:53:15', null, '2016-09-01 14:53:15', null);
INSERT INTO `location_city` VALUES ('133', 'LampungTimur', '10', 'active', '2016-09-01 14:53:15', null, '2016-09-01 14:53:15', null);
INSERT INTO `location_city` VALUES ('134', 'LampungUtara', '10', 'active', '2016-09-01 14:53:15', null, '2016-09-01 14:53:15', null);
INSERT INTO `location_city` VALUES ('135', 'Metro', '10', 'active', '2016-09-01 14:53:15', null, '2016-09-01 14:53:15', null);
INSERT INTO `location_city` VALUES ('136', 'Pesawaran', '10', 'active', '2016-09-01 14:53:15', null, '2016-09-01 14:53:15', null);
INSERT INTO `location_city` VALUES ('137', 'Tanggamus', '10', 'active', '2016-09-01 14:53:15', null, '2016-09-01 14:53:15', null);
INSERT INTO `location_city` VALUES ('138', 'TulangBawang', '10', 'active', '2016-09-01 14:53:15', null, '2016-09-01 14:53:15', null);
INSERT INTO `location_city` VALUES ('139', 'WayKanan', '10', 'active', '2016-09-01 14:53:15', null, '2016-09-01 14:53:15', null);
INSERT INTO `location_city` VALUES ('140', 'AcehBarat', '1', 'active', '2016-09-01 14:53:15', null, '2016-09-01 14:53:15', null);
INSERT INTO `location_city` VALUES ('141', 'AcehBaratDaya', '1', 'active', '2016-09-01 14:53:15', null, '2016-09-01 14:53:15', null);
INSERT INTO `location_city` VALUES ('142', 'AcehBesar', '1', 'active', '2016-09-01 14:53:15', null, '2016-09-01 14:53:15', null);
INSERT INTO `location_city` VALUES ('143', 'AcehJaya', '1', 'active', '2016-09-01 14:53:15', null, '2016-09-01 14:53:15', null);
INSERT INTO `location_city` VALUES ('144', 'AcehSelatan', '1', 'active', '2016-09-01 14:53:15', null, '2016-09-01 14:53:15', null);
INSERT INTO `location_city` VALUES ('145', 'AcehSingkil', '1', 'active', '2016-09-01 14:53:15', null, '2016-09-01 14:53:15', null);
INSERT INTO `location_city` VALUES ('146', 'AcehTamiang', '1', 'active', '2016-09-01 14:53:15', null, '2016-09-01 14:53:15', null);
INSERT INTO `location_city` VALUES ('147', 'AcehTengah', '1', 'active', '2016-09-01 14:53:15', null, '2016-09-01 14:53:15', null);
INSERT INTO `location_city` VALUES ('148', 'AcehTenggara', '1', 'active', '2016-09-01 14:53:15', null, '2016-09-01 14:53:15', null);
INSERT INTO `location_city` VALUES ('149', 'AcehTimur', '1', 'active', '2016-09-01 14:53:15', null, '2016-09-01 14:53:15', null);
INSERT INTO `location_city` VALUES ('150', 'AcehUtara', '1', 'active', '2016-09-01 14:53:15', null, '2016-09-01 14:53:15', null);
INSERT INTO `location_city` VALUES ('151', 'BandaAceh', '1', 'active', '2016-09-01 14:53:15', null, '2016-09-01 14:53:15', null);
INSERT INTO `location_city` VALUES ('152', 'BenerMeriah', '1', 'active', '2016-09-01 14:53:15', null, '2016-09-01 14:53:15', null);
INSERT INTO `location_city` VALUES ('153', 'Bireuen', '1', 'active', '2016-09-01 14:53:15', null, '2016-09-01 14:53:15', null);
INSERT INTO `location_city` VALUES ('154', 'GayoLues', '1', 'active', '2016-09-01 14:53:15', null, '2016-09-01 14:53:15', null);
INSERT INTO `location_city` VALUES ('155', 'Langsa', '1', 'active', '2016-09-01 14:53:15', null, '2016-09-01 14:53:15', null);
INSERT INTO `location_city` VALUES ('156', 'Lhokseumawe', '1', 'active', '2016-09-01 14:53:15', null, '2016-09-01 14:53:15', null);
INSERT INTO `location_city` VALUES ('157', 'NaganRaya', '1', 'active', '2016-09-01 14:53:15', null, '2016-09-01 14:53:15', null);
INSERT INTO `location_city` VALUES ('158', 'Pidie', '1', 'active', '2016-09-01 14:53:15', null, '2016-09-01 14:53:15', null);
INSERT INTO `location_city` VALUES ('159', 'PidieJaya', '1', 'active', '2016-09-01 14:53:15', null, '2016-09-01 14:53:15', null);
INSERT INTO `location_city` VALUES ('160', 'Sabang', '1', 'active', '2016-09-01 14:53:15', null, '2016-09-01 14:53:15', null);
INSERT INTO `location_city` VALUES ('161', 'Subulussalam', '1', 'active', '2016-09-01 14:53:15', null, '2016-09-01 14:53:15', null);
INSERT INTO `location_city` VALUES ('162', 'Agam', '3', 'active', '2016-09-01 14:53:15', null, '2016-09-01 14:53:15', null);
INSERT INTO `location_city` VALUES ('163', 'BukitTinggi', '3', 'active', '2016-09-01 14:53:15', null, '2016-09-01 14:53:15', null);
INSERT INTO `location_city` VALUES ('164', 'Dharmasraya', '3', 'active', '2016-09-01 14:53:15', null, '2016-09-01 14:53:15', null);
INSERT INTO `location_city` VALUES ('165', 'KepulauanMentawai', '3', 'active', '2016-09-01 14:53:15', null, '2016-09-01 14:53:15', null);
INSERT INTO `location_city` VALUES ('166', 'LimaPuluhKota', '3', 'active', '2016-09-01 14:53:15', null, '2016-09-01 14:53:15', null);
INSERT INTO `location_city` VALUES ('167', 'Padang', '3', 'active', '2016-09-01 14:53:15', null, '2016-09-01 14:53:15', null);
INSERT INTO `location_city` VALUES ('168', 'PadangPanjang', '3', 'active', '2016-09-01 14:53:15', null, '2016-09-01 14:53:15', null);
INSERT INTO `location_city` VALUES ('169', 'PadangPariaman', '3', 'active', '2016-09-01 14:53:15', null, '2016-09-01 14:53:15', null);
INSERT INTO `location_city` VALUES ('170', 'Pariaman', '3', 'active', '2016-09-01 14:53:15', null, '2016-09-01 14:53:15', null);
INSERT INTO `location_city` VALUES ('171', 'Pasaman', '3', 'active', '2016-09-01 14:53:15', null, '2016-09-01 14:53:15', null);
INSERT INTO `location_city` VALUES ('172', 'PasamanBarat', '3', 'active', '2016-09-01 14:53:15', null, '2016-09-01 14:53:15', null);
INSERT INTO `location_city` VALUES ('173', 'Payakumbuh', '3', 'active', '2016-09-01 14:53:15', null, '2016-09-01 14:53:15', null);
INSERT INTO `location_city` VALUES ('174', 'PesisirSelatan', '3', 'active', '2016-09-01 14:53:15', null, '2016-09-01 14:53:15', null);
INSERT INTO `location_city` VALUES ('175', 'Sawahlunto', '3', 'active', '2016-09-01 14:53:15', null, '2016-09-01 14:53:15', null);
INSERT INTO `location_city` VALUES ('176', 'Sijunjung', '3', 'active', '2016-09-01 14:53:15', null, '2016-09-01 14:53:15', null);
INSERT INTO `location_city` VALUES ('177', 'Solok', '3', 'active', '2016-09-01 14:53:15', null, '2016-09-01 14:53:15', null);
INSERT INTO `location_city` VALUES ('178', 'SolokSelatan', '3', 'active', '2016-09-01 14:53:15', null, '2016-09-01 14:53:15', null);
INSERT INTO `location_city` VALUES ('179', 'TanahDatar', '3', 'active', '2016-09-01 14:53:15', null, '2016-09-01 14:53:15', null);
INSERT INTO `location_city` VALUES ('180', 'Banyuasin', '4', 'active', '2016-09-01 14:53:15', null, '2016-09-01 14:53:15', null);
INSERT INTO `location_city` VALUES ('181', 'EmpatLawang', '4', 'active', '2016-09-01 14:53:15', null, '2016-09-01 14:53:15', null);
INSERT INTO `location_city` VALUES ('182', 'Lahat', '4', 'active', '2016-09-01 14:53:15', null, '2016-09-01 14:53:15', null);
INSERT INTO `location_city` VALUES ('183', 'LubukLinggau', '4', 'active', '2016-09-01 14:53:15', null, '2016-09-01 14:53:15', null);
INSERT INTO `location_city` VALUES ('184', 'MusiBanyuasin', '4', 'active', '2016-09-01 14:53:15', null, '2016-09-01 14:53:15', null);
INSERT INTO `location_city` VALUES ('185', 'MusiRawas', '4', 'active', '2016-09-01 14:53:15', null, '2016-09-01 14:53:15', null);
INSERT INTO `location_city` VALUES ('186', 'OganIlir', '4', 'active', '2016-09-01 14:53:15', null, '2016-09-01 14:53:15', null);
INSERT INTO `location_city` VALUES ('187', 'OganKomeringIlir', '4', 'active', '2016-09-01 14:53:15', null, '2016-09-01 14:53:15', null);
INSERT INTO `location_city` VALUES ('188', 'OganKomeringUlu', '4', 'active', '2016-09-01 14:53:15', null, '2016-09-01 14:53:15', null);
INSERT INTO `location_city` VALUES ('189', 'OganKomeringUluSelatan', '4', 'active', '2016-09-01 14:53:15', null, '2016-09-01 14:53:15', null);
INSERT INTO `location_city` VALUES ('190', 'OganKomeringUluTimur', '4', 'active', '2016-09-01 14:53:15', null, '2016-09-01 14:53:15', null);
INSERT INTO `location_city` VALUES ('191', 'PagarAlam', '4', 'active', '2016-09-01 14:53:15', null, '2016-09-01 14:53:15', null);
INSERT INTO `location_city` VALUES ('192', 'Palembang', '4', 'active', '2016-09-01 14:53:15', null, '2016-09-01 14:53:15', null);
INSERT INTO `location_city` VALUES ('193', 'Prabumulih', '4', 'active', '2016-09-01 14:53:15', null, '2016-09-01 14:53:15', null);
INSERT INTO `location_city` VALUES ('194', 'Asahan', '2', 'active', '2016-09-01 14:53:15', null, '2016-09-01 14:53:15', null);
INSERT INTO `location_city` VALUES ('195', 'Batubara', '2', 'active', '2016-09-01 14:53:15', null, '2016-09-01 14:53:15', null);
INSERT INTO `location_city` VALUES ('196', 'Binjai', '2', 'active', '2016-09-01 14:53:15', null, '2016-09-01 14:53:15', null);
INSERT INTO `location_city` VALUES ('197', 'Dairi', '2', 'active', '2016-09-01 14:53:15', null, '2016-09-01 14:53:15', null);
INSERT INTO `location_city` VALUES ('198', 'DeliSerdang', '2', 'active', '2016-09-01 14:53:15', null, '2016-09-01 14:53:15', null);
INSERT INTO `location_city` VALUES ('199', 'HumbangHasudutan', '2', 'active', '2016-09-01 14:53:15', null, '2016-09-01 14:53:15', null);
INSERT INTO `location_city` VALUES ('200', 'Karo', '2', 'active', '2016-09-01 14:53:15', null, '2016-09-01 14:53:15', null);
INSERT INTO `location_city` VALUES ('201', 'LabuhanBatu', '2', 'active', '2016-09-01 14:53:15', null, '2016-09-01 14:53:15', null);
INSERT INTO `location_city` VALUES ('202', 'Langkat', '2', 'active', '2016-09-01 14:53:15', null, '2016-09-01 14:53:15', null);
INSERT INTO `location_city` VALUES ('203', 'MandailingNatal', '2', 'active', '2016-09-01 14:53:15', null, '2016-09-01 14:53:15', null);
INSERT INTO `location_city` VALUES ('204', 'Medan', '2', 'active', '2016-09-01 14:53:15', null, '2016-09-01 14:53:15', null);
INSERT INTO `location_city` VALUES ('205', 'Nias', '2', 'active', '2016-09-01 14:53:15', null, '2016-09-01 14:53:15', null);
INSERT INTO `location_city` VALUES ('206', 'NiasSelatan', '2', 'active', '2016-09-01 14:53:15', null, '2016-09-01 14:53:15', null);
INSERT INTO `location_city` VALUES ('207', 'PadangLawas', '2', 'active', '2016-09-01 14:53:15', null, '2016-09-01 14:53:15', null);
INSERT INTO `location_city` VALUES ('208', 'PadangLawasUtara', '2', 'active', '2016-09-01 14:53:15', null, '2016-09-01 14:53:15', null);
INSERT INTO `location_city` VALUES ('209', 'PadangSidempuan', '2', 'active', '2016-09-01 14:53:15', null, '2016-09-01 14:53:15', null);
INSERT INTO `location_city` VALUES ('210', 'PakpakBarat', '2', 'active', '2016-09-01 14:53:15', null, '2016-09-01 14:53:15', null);
INSERT INTO `location_city` VALUES ('211', 'Pematangsiantar', '2', 'active', '2016-09-01 14:53:15', null, '2016-09-01 14:53:15', null);
INSERT INTO `location_city` VALUES ('212', 'Samosir', '2', 'active', '2016-09-01 14:53:15', null, '2016-09-01 14:53:15', null);
INSERT INTO `location_city` VALUES ('213', 'SerdangBedagai', '2', 'active', '2016-09-01 14:53:15', null, '2016-09-01 14:53:15', null);
INSERT INTO `location_city` VALUES ('214', 'Sibolga', '2', 'active', '2016-09-01 14:53:15', null, '2016-09-01 14:53:15', null);
INSERT INTO `location_city` VALUES ('215', 'Simalungun', '2', 'active', '2016-09-01 14:53:15', null, '2016-09-01 14:53:15', null);
INSERT INTO `location_city` VALUES ('216', 'TanjungBalai', '2', 'active', '2016-09-01 14:53:15', null, '2016-09-01 14:53:15', null);
INSERT INTO `location_city` VALUES ('217', 'TapanuliSelatan', '2', 'active', '2016-09-01 14:53:15', null, '2016-09-01 14:53:15', null);
INSERT INTO `location_city` VALUES ('218', 'TapanuliTengah', '2', 'active', '2016-09-01 14:53:15', null, '2016-09-01 14:53:15', null);
INSERT INTO `location_city` VALUES ('219', 'TapanuliUtara', '2', 'active', '2016-09-01 14:53:15', null, '2016-09-01 14:53:15', null);
INSERT INTO `location_city` VALUES ('220', 'TebingTinggi', '2', 'active', '2016-09-01 14:53:15', null, '2016-09-01 14:53:15', null);
INSERT INTO `location_city` VALUES ('221', 'TobaSamosir', '2', 'active', '2016-09-01 14:53:15', null, '2016-09-01 14:53:15', null);

-- ----------------------------
-- Table structure for location_district
-- ----------------------------
DROP TABLE IF EXISTS `location_district`;
CREATE TABLE `location_district` (
  `id` int(255) NOT NULL AUTO_INCREMENT,
  `name` varchar(255) DEFAULT NULL,
  `city_id` int(255) NOT NULL,
  `status` enum('inactive','active') DEFAULT 'active',
  `input_date` timestamp NULL DEFAULT CURRENT_TIMESTAMP,
  `input_by` varchar(255) DEFAULT NULL,
  `update_date` timestamp NULL DEFAULT CURRENT_TIMESTAMP,
  `update_by` varchar(255) DEFAULT NULL,
  PRIMARY KEY (`id`),
  KEY `customer_location_district` (`city_id`),
  CONSTRAINT `customer_location_district` FOREIGN KEY (`city_id`) REFERENCES `location_city` (`id`) ON UPDATE CASCADE
) ENGINE=InnoDB AUTO_INCREMENT=182 DEFAULT CHARSET=utf8;

-- ----------------------------
-- Records of location_district
-- ----------------------------
INSERT INTO `location_district` VALUES ('1', 'AronganLambalek', '140', 'active', '2016-09-01 16:08:23', null, '2016-09-01 16:08:23', null);
INSERT INTO `location_district` VALUES ('2', 'Bubon', '140', 'active', '2016-09-01 16:08:23', null, '2016-09-01 16:08:23', null);
INSERT INTO `location_district` VALUES ('3', 'JohanPahlawan', '140', 'active', '2016-09-01 16:08:23', null, '2016-09-01 16:08:23', null);
INSERT INTO `location_district` VALUES ('4', 'Kec.KawayXVI', '140', 'active', '2016-09-01 16:08:23', null, '2016-09-01 16:08:23', null);
INSERT INTO `location_district` VALUES ('5', 'Meulaboh', '140', 'active', '2016-09-01 16:08:23', null, '2016-09-01 16:08:23', null);
INSERT INTO `location_district` VALUES ('6', 'PanteCeureumen', '140', 'active', '2016-09-01 16:08:23', null, '2016-09-01 16:08:23', null);
INSERT INTO `location_district` VALUES ('7', 'Samatiga', '140', 'active', '2016-09-01 16:08:23', null, '2016-09-01 16:08:23', null);
INSERT INTO `location_district` VALUES ('8', 'SungaiMas', '140', 'active', '2016-09-01 16:08:23', null, '2016-09-01 16:08:23', null);
INSERT INTO `location_district` VALUES ('9', 'Woyla', '140', 'active', '2016-09-01 16:08:23', null, '2016-09-01 16:08:23', null);
INSERT INTO `location_district` VALUES ('10', 'WoylaBarat', '140', 'active', '2016-09-01 16:08:23', null, '2016-09-01 16:08:23', null);
INSERT INTO `location_district` VALUES ('11', 'WoylaTimur', '140', 'active', '2016-09-01 16:08:23', null, '2016-09-01 16:08:23', null);
INSERT INTO `location_district` VALUES ('12', 'BabahRot', '141', 'active', '2016-09-01 16:08:23', null, '2016-09-01 16:08:23', null);
INSERT INTO `location_district` VALUES ('13', 'Blangpidie', '141', 'active', '2016-09-01 16:08:23', null, '2016-09-01 16:08:23', null);
INSERT INTO `location_district` VALUES ('14', 'kualaBatee', '141', 'active', '2016-09-01 16:08:23', null, '2016-09-01 16:08:23', null);
INSERT INTO `location_district` VALUES ('15', 'Manggeng', '141', 'active', '2016-09-01 16:08:23', null, '2016-09-01 16:08:23', null);
INSERT INTO `location_district` VALUES ('16', 'Susoh', '141', 'active', '2016-09-01 16:08:23', null, '2016-09-01 16:08:23', null);
INSERT INTO `location_district` VALUES ('17', 'TanganTangan', '141', 'active', '2016-09-01 16:08:23', null, '2016-09-01 16:08:23', null);
INSERT INTO `location_district` VALUES ('18', 'Baitussalam', '142', 'active', '2016-09-01 16:08:23', null, '2016-09-01 16:08:23', null);
INSERT INTO `location_district` VALUES ('19', 'DarulImarah', '142', 'active', '2016-09-01 16:08:23', null, '2016-09-01 16:08:23', null);
INSERT INTO `location_district` VALUES ('20', 'DarulKamal', '142', 'active', '2016-09-01 16:08:23', null, '2016-09-01 16:08:23', null);
INSERT INTO `location_district` VALUES ('21', 'Darussalam', '142', 'active', '2016-09-01 16:08:23', null, '2016-09-01 16:08:23', null);
INSERT INTO `location_district` VALUES ('22', 'Indrapuri', '142', 'active', '2016-09-01 16:08:23', null, '2016-09-01 16:08:23', null);
INSERT INTO `location_district` VALUES ('23', 'InginJaya', '142', 'active', '2016-09-01 16:08:23', null, '2016-09-01 16:08:23', null);
INSERT INTO `location_district` VALUES ('24', 'Janto', '142', 'active', '2016-09-01 16:08:23', null, '2016-09-01 16:08:23', null);
INSERT INTO `location_district` VALUES ('25', 'KruengBaronaJaya', '142', 'active', '2016-09-01 16:08:23', null, '2016-09-01 16:08:23', null);
INSERT INTO `location_district` VALUES ('26', 'KutaBaro', '142', 'active', '2016-09-01 16:08:23', null, '2016-09-01 16:08:23', null);
INSERT INTO `location_district` VALUES ('27', 'KutaCotGlie', '142', 'active', '2016-09-01 16:08:23', null, '2016-09-01 16:08:23', null);
INSERT INTO `location_district` VALUES ('28', 'KutaMalaka', '142', 'active', '2016-09-01 16:08:23', null, '2016-09-01 16:08:23', null);
INSERT INTO `location_district` VALUES ('29', 'LembahSeulawah', '142', 'active', '2016-09-01 16:08:23', null, '2016-09-01 16:08:23', null);
INSERT INTO `location_district` VALUES ('30', 'Leupung', '142', 'active', '2016-09-01 16:08:23', null, '2016-09-01 16:08:23', null);
INSERT INTO `location_district` VALUES ('31', 'Lho\'Nga', '142', 'active', '2016-09-01 16:08:23', null, '2016-09-01 16:08:23', null);
INSERT INTO `location_district` VALUES ('32', 'Lhoong', '142', 'active', '2016-09-01 16:08:23', null, '2016-09-01 16:08:23', null);
INSERT INTO `location_district` VALUES ('33', 'MesjidRaya', '142', 'active', '2016-09-01 16:08:23', null, '2016-09-01 16:08:23', null);
INSERT INTO `location_district` VALUES ('34', 'Montasik', '142', 'active', '2016-09-01 16:08:23', null, '2016-09-01 16:08:23', null);
INSERT INTO `location_district` VALUES ('35', 'PeukanBada', '142', 'active', '2016-09-01 16:08:23', null, '2016-09-01 16:08:23', null);
INSERT INTO `location_district` VALUES ('36', 'Puroaceh', '142', 'active', '2016-09-01 16:08:23', null, '2016-09-01 16:08:23', null);
INSERT INTO `location_district` VALUES ('37', 'Seulimeum', '142', 'active', '2016-09-01 16:08:23', null, '2016-09-01 16:08:23', null);
INSERT INTO `location_district` VALUES ('38', 'Simpangtiga', '142', 'active', '2016-09-01 16:08:23', null, '2016-09-01 16:08:23', null);
INSERT INTO `location_district` VALUES ('39', 'Sukamakmur', '142', 'active', '2016-09-01 16:08:23', null, '2016-09-01 16:08:23', null);
INSERT INTO `location_district` VALUES ('40', 'Jaya', '143', 'active', '2016-09-01 16:08:23', null, '2016-09-01 16:08:23', null);
INSERT INTO `location_district` VALUES ('41', 'KruengSabee/Calang', '143', 'active', '2016-09-01 16:08:23', null, '2016-09-01 16:08:23', null);
INSERT INTO `location_district` VALUES ('42', 'Pangat', '143', 'active', '2016-09-01 16:08:23', null, '2016-09-01 16:08:23', null);
INSERT INTO `location_district` VALUES ('43', 'SampoNiet', '143', 'active', '2016-09-01 16:08:23', null, '2016-09-01 16:08:23', null);
INSERT INTO `location_district` VALUES ('44', 'SetiaBakti', '143', 'active', '2016-09-01 16:08:23', null, '2016-09-01 16:08:23', null);
INSERT INTO `location_district` VALUES ('45', 'Teunom', '143', 'active', '2016-09-01 16:08:23', null, '2016-09-01 16:08:23', null);
INSERT INTO `location_district` VALUES ('46', 'Bakongan', '144', 'active', '2016-09-01 16:08:23', null, '2016-09-01 16:08:23', null);
INSERT INTO `location_district` VALUES ('47', 'BakonganTimur', '144', 'active', '2016-09-01 16:08:23', null, '2016-09-01 16:08:23', null);
INSERT INTO `location_district` VALUES ('48', 'KluetSelatan', '144', 'active', '2016-09-01 16:08:23', null, '2016-09-01 16:08:23', null);
INSERT INTO `location_district` VALUES ('49', 'KluetTengah', '144', 'active', '2016-09-01 16:08:23', null, '2016-09-01 16:08:23', null);
INSERT INTO `location_district` VALUES ('50', 'KluetTimur', '144', 'active', '2016-09-01 16:08:23', null, '2016-09-01 16:08:23', null);
INSERT INTO `location_district` VALUES ('51', 'KluetUtara', '144', 'active', '2016-09-01 16:08:23', null, '2016-09-01 16:08:23', null);
INSERT INTO `location_district` VALUES ('52', 'LabuhanHaji', '144', 'active', '2016-09-01 16:08:24', null, '2016-09-01 16:08:24', null);
INSERT INTO `location_district` VALUES ('53', 'LabuhanHajiBarat', '144', 'active', '2016-09-01 16:08:24', null, '2016-09-01 16:08:24', null);
INSERT INTO `location_district` VALUES ('54', 'LabuhanHajiTimur', '144', 'active', '2016-09-01 16:08:24', null, '2016-09-01 16:08:24', null);
INSERT INTO `location_district` VALUES ('55', 'Meukek', '144', 'active', '2016-09-01 16:08:24', null, '2016-09-01 16:08:24', null);
INSERT INTO `location_district` VALUES ('56', 'Pasieraja', '144', 'active', '2016-09-01 16:08:24', null, '2016-09-01 16:08:24', null);
INSERT INTO `location_district` VALUES ('57', 'SamaDua', '144', 'active', '2016-09-01 16:08:24', null, '2016-09-01 16:08:24', null);
INSERT INTO `location_district` VALUES ('58', 'Sawang', '144', 'active', '2016-09-01 16:08:24', null, '2016-09-01 16:08:24', null);
INSERT INTO `location_district` VALUES ('59', 'TapakTuan', '144', 'active', '2016-09-01 16:08:24', null, '2016-09-01 16:08:24', null);
INSERT INTO `location_district` VALUES ('60', 'Trumon', '144', 'active', '2016-09-01 16:08:24', null, '2016-09-01 16:08:24', null);
INSERT INTO `location_district` VALUES ('61', 'TrumonTimur', '144', 'active', '2016-09-01 16:08:24', null, '2016-09-01 16:08:24', null);
INSERT INTO `location_district` VALUES ('62', 'DanauParis', '145', 'active', '2016-09-01 16:08:24', null, '2016-09-01 16:08:24', null);
INSERT INTO `location_district` VALUES ('63', 'GunungMeriah', '145', 'active', '2016-09-01 16:08:24', null, '2016-09-01 16:08:24', null);
INSERT INTO `location_district` VALUES ('64', 'KotaBaharu', '145', 'active', '2016-09-01 16:08:24', null, '2016-09-01 16:08:24', null);
INSERT INTO `location_district` VALUES ('65', 'PulauBanyak', '145', 'active', '2016-09-01 16:08:24', null, '2016-09-01 16:08:24', null);
INSERT INTO `location_district` VALUES ('66', 'SimpangKanan', '145', 'active', '2016-09-01 16:08:24', null, '2016-09-01 16:08:24', null);
INSERT INTO `location_district` VALUES ('67', 'Singkil', '145', 'active', '2016-09-01 16:08:24', null, '2016-09-01 16:08:24', null);
INSERT INTO `location_district` VALUES ('68', 'SingkilUtara', '145', 'active', '2016-09-01 16:08:24', null, '2016-09-01 16:08:24', null);
INSERT INTO `location_district` VALUES ('69', 'Singkohor', '145', 'active', '2016-09-01 16:08:24', null, '2016-09-01 16:08:24', null);
INSERT INTO `location_district` VALUES ('70', 'SuroBaru', '145', 'active', '2016-09-01 16:08:24', null, '2016-09-01 16:08:24', null);
INSERT INTO `location_district` VALUES ('71', 'Bendahara', '146', 'active', '2016-09-01 16:08:24', null, '2016-09-01 16:08:24', null);
INSERT INTO `location_district` VALUES ('72', 'KarangBaru', '146', 'active', '2016-09-01 16:08:24', null, '2016-09-01 16:08:24', null);
INSERT INTO `location_district` VALUES ('73', 'KejuruanMuda', '146', 'active', '2016-09-01 16:08:24', null, '2016-09-01 16:08:24', null);
INSERT INTO `location_district` VALUES ('74', 'KualaSimpang', '146', 'active', '2016-09-01 16:08:24', null, '2016-09-01 16:08:24', null);
INSERT INTO `location_district` VALUES ('75', 'ManyakPayed', '146', 'active', '2016-09-01 16:08:24', null, '2016-09-01 16:08:24', null);
INSERT INTO `location_district` VALUES ('76', 'Rantau', '146', 'active', '2016-09-01 16:08:24', null, '2016-09-01 16:08:24', null);
INSERT INTO `location_district` VALUES ('77', 'Seuruway', '146', 'active', '2016-09-01 16:08:24', null, '2016-09-01 16:08:24', null);
INSERT INTO `location_district` VALUES ('78', 'TamiangHulu', '146', 'active', '2016-09-01 16:08:24', null, '2016-09-01 16:08:24', null);
INSERT INTO `location_district` VALUES ('79', 'AtuLintang', '147', 'active', '2016-09-01 16:08:24', null, '2016-09-01 16:08:24', null);
INSERT INTO `location_district` VALUES ('80', 'Bebesen', '147', 'active', '2016-09-01 16:08:24', null, '2016-09-01 16:08:24', null);
INSERT INTO `location_district` VALUES ('81', 'Bies', '147', 'active', '2016-09-01 16:08:24', null, '2016-09-01 16:08:24', null);
INSERT INTO `location_district` VALUES ('82', 'Bintang', '147', 'active', '2016-09-01 16:08:24', null, '2016-09-01 16:08:24', null);
INSERT INTO `location_district` VALUES ('83', 'Celala', '147', 'active', '2016-09-01 16:08:24', null, '2016-09-01 16:08:24', null);
INSERT INTO `location_district` VALUES ('84', 'JagongJeget', '147', 'active', '2016-09-01 16:08:24', null, '2016-09-01 16:08:24', null);
INSERT INTO `location_district` VALUES ('85', 'Kebayakan', '147', 'active', '2016-09-01 16:08:24', null, '2016-09-01 16:08:24', null);
INSERT INTO `location_district` VALUES ('86', 'Ketol', '147', 'active', '2016-09-01 16:08:24', null, '2016-09-01 16:08:24', null);
INSERT INTO `location_district` VALUES ('87', 'KutePanang', '147', 'active', '2016-09-01 16:08:24', null, '2016-09-01 16:08:24', null);
INSERT INTO `location_district` VALUES ('88', 'LautTawar', '147', 'active', '2016-09-01 16:08:24', null, '2016-09-01 16:08:24', null);
INSERT INTO `location_district` VALUES ('89', 'LingeIsak', '147', 'active', '2016-09-01 16:08:24', null, '2016-09-01 16:08:24', null);
INSERT INTO `location_district` VALUES ('90', 'Pegasing', '147', 'active', '2016-09-01 16:08:24', null, '2016-09-01 16:08:24', null);
INSERT INTO `location_district` VALUES ('91', 'RusipAntara', '147', 'active', '2016-09-01 16:08:24', null, '2016-09-01 16:08:24', null);
INSERT INTO `location_district` VALUES ('92', 'SilihNara', '147', 'active', '2016-09-01 16:08:24', null, '2016-09-01 16:08:24', null);
INSERT INTO `location_district` VALUES ('93', 'Takengon', '147', 'active', '2016-09-01 16:08:24', null, '2016-09-01 16:08:24', null);
INSERT INTO `location_district` VALUES ('94', 'BabulMakmur', '148', 'active', '2016-09-01 16:08:24', null, '2016-09-01 16:08:24', null);
INSERT INTO `location_district` VALUES ('95', 'BabulRahmat', '148', 'active', '2016-09-01 16:08:24', null, '2016-09-01 16:08:24', null);
INSERT INTO `location_district` VALUES ('96', 'Babussalam', '148', 'active', '2016-09-01 16:08:24', null, '2016-09-01 16:08:24', null);
INSERT INTO `location_district` VALUES ('97', 'Badar', '148', 'active', '2016-09-01 16:08:24', null, '2016-09-01 16:08:24', null);
INSERT INTO `location_district` VALUES ('98', 'Bambel', '148', 'active', '2016-09-01 16:08:24', null, '2016-09-01 16:08:24', null);
INSERT INTO `location_district` VALUES ('99', 'BukitTusam', '148', 'active', '2016-09-01 16:08:24', null, '2016-09-01 16:08:24', null);
INSERT INTO `location_district` VALUES ('100', 'DarulHasanah', '148', 'active', '2016-09-01 16:08:24', null, '2016-09-01 16:08:24', null);
INSERT INTO `location_district` VALUES ('101', 'Kutacane', '148', 'active', '2016-09-01 16:08:24', null, '2016-09-01 16:08:24', null);
INSERT INTO `location_district` VALUES ('102', 'LaweAlas', '148', 'active', '2016-09-01 16:08:24', null, '2016-09-01 16:08:24', null);
INSERT INTO `location_district` VALUES ('103', 'LaweBulan', '148', 'active', '2016-09-01 16:08:24', null, '2016-09-01 16:08:24', null);
INSERT INTO `location_district` VALUES ('104', 'LaweSigala-gala', '148', 'active', '2016-09-01 16:08:24', null, '2016-09-01 16:08:24', null);
INSERT INTO `location_district` VALUES ('105', 'Semadam', '148', 'active', '2016-09-01 16:08:24', null, '2016-09-01 16:08:24', null);
INSERT INTO `location_district` VALUES ('106', 'BandaAlam', '149', 'active', '2016-09-01 16:08:24', null, '2016-09-01 16:08:24', null);
INSERT INTO `location_district` VALUES ('107', 'BiremBayeun', '149', 'active', '2016-09-01 16:08:24', null, '2016-09-01 16:08:24', null);
INSERT INTO `location_district` VALUES ('108', 'DarulAman', '149', 'active', '2016-09-01 16:08:24', null, '2016-09-01 16:08:24', null);
INSERT INTO `location_district` VALUES ('109', 'DarulIksan', '149', 'active', '2016-09-01 16:08:24', null, '2016-09-01 16:08:24', null);
INSERT INTO `location_district` VALUES ('110', 'IdiRayeuk', '149', 'active', '2016-09-01 16:08:24', null, '2016-09-01 16:08:24', null);
INSERT INTO `location_district` VALUES ('111', 'IdiTuning', '149', 'active', '2016-09-01 16:08:24', null, '2016-09-01 16:08:24', null);
INSERT INTO `location_district` VALUES ('112', 'IndraMakmur', '149', 'active', '2016-09-01 16:08:24', null, '2016-09-01 16:08:24', null);
INSERT INTO `location_district` VALUES ('113', 'Julok', '149', 'active', '2016-09-01 16:08:24', null, '2016-09-01 16:08:24', null);
INSERT INTO `location_district` VALUES ('114', 'Madat', '149', 'active', '2016-09-01 16:08:24', null, '2016-09-01 16:08:24', null);
INSERT INTO `location_district` VALUES ('115', 'Nurussalam', '149', 'active', '2016-09-01 16:08:24', null, '2016-09-01 16:08:24', null);
INSERT INTO `location_district` VALUES ('116', 'PanteBeudari', '149', 'active', '2016-09-01 16:08:24', null, '2016-09-01 16:08:24', null);
INSERT INTO `location_district` VALUES ('117', 'Peudawa', '149', 'active', '2016-09-01 16:08:24', null, '2016-09-01 16:08:24', null);
INSERT INTO `location_district` VALUES ('118', 'Peureulak', '149', 'active', '2016-09-01 16:08:24', null, '2016-09-01 16:08:24', null);
INSERT INTO `location_district` VALUES ('119', 'PeureulakBarat', '149', 'active', '2016-09-01 16:08:24', null, '2016-09-01 16:08:24', null);
INSERT INTO `location_district` VALUES ('120', 'PeureulakTimur', '149', 'active', '2016-09-01 16:08:24', null, '2016-09-01 16:08:24', null);
INSERT INTO `location_district` VALUES ('121', 'RantauSelamat', '149', 'active', '2016-09-01 16:08:24', null, '2016-09-01 16:08:24', null);
INSERT INTO `location_district` VALUES ('122', 'RantoPeureulak', '149', 'active', '2016-09-01 16:08:24', null, '2016-09-01 16:08:24', null);
INSERT INTO `location_district` VALUES ('123', 'SerbaJadi/Lokop', '149', 'active', '2016-09-01 16:08:24', null, '2016-09-01 16:08:24', null);
INSERT INTO `location_district` VALUES ('124', 'SimpangJernih', '149', 'active', '2016-09-01 16:08:24', null, '2016-09-01 16:08:24', null);
INSERT INTO `location_district` VALUES ('125', 'SimpangUlim', '149', 'active', '2016-09-01 16:08:24', null, '2016-09-01 16:08:24', null);
INSERT INTO `location_district` VALUES ('126', 'SungaiRaya', '149', 'active', '2016-09-01 16:08:24', null, '2016-09-01 16:08:24', null);
INSERT INTO `location_district` VALUES ('127', 'Baktia', '150', 'active', '2016-09-01 16:08:24', null, '2016-09-01 16:08:24', null);
INSERT INTO `location_district` VALUES ('128', 'BaktiaBarat', '150', 'active', '2016-09-01 16:08:24', null, '2016-09-01 16:08:24', null);
INSERT INTO `location_district` VALUES ('129', 'CotGirek', '150', 'active', '2016-09-01 16:08:24', null, '2016-09-01 16:08:24', null);
INSERT INTO `location_district` VALUES ('130', 'Dewantara', '150', 'active', '2016-09-01 16:08:24', null, '2016-09-01 16:08:24', null);
INSERT INTO `location_district` VALUES ('131', 'KutaMakmur', '150', 'active', '2016-09-01 16:08:24', null, '2016-09-01 16:08:24', null);
INSERT INTO `location_district` VALUES ('132', 'Langkahan', '150', 'active', '2016-09-01 16:08:24', null, '2016-09-01 16:08:24', null);
INSERT INTO `location_district` VALUES ('133', 'Lhoksukon', '150', 'active', '2016-09-01 16:08:24', null, '2016-09-01 16:08:24', null);
INSERT INTO `location_district` VALUES ('134', 'MatangKuli', '150', 'active', '2016-09-01 16:08:24', null, '2016-09-01 16:08:24', null);
INSERT INTO `location_district` VALUES ('135', 'MeurahMulia', '150', 'active', '2016-09-01 16:08:24', null, '2016-09-01 16:08:24', null);
INSERT INTO `location_district` VALUES ('136', 'MuaraBatu', '150', 'active', '2016-09-01 16:08:24', null, '2016-09-01 16:08:24', null);
INSERT INTO `location_district` VALUES ('137', 'Nibong', '150', 'active', '2016-09-01 16:08:24', null, '2016-09-01 16:08:24', null);
INSERT INTO `location_district` VALUES ('138', 'Nisam', '150', 'active', '2016-09-01 16:08:24', null, '2016-09-01 16:08:24', null);
INSERT INTO `location_district` VALUES ('139', 'PayaBakong', '150', 'active', '2016-09-01 16:08:24', null, '2016-09-01 16:08:24', null);
INSERT INTO `location_district` VALUES ('140', 'Samudera', '150', 'active', '2016-09-01 16:08:24', null, '2016-09-01 16:08:24', null);
INSERT INTO `location_district` VALUES ('141', 'Sawang', '150', 'active', '2016-09-01 16:08:24', null, '2016-09-01 16:08:24', null);
INSERT INTO `location_district` VALUES ('142', 'Seunuddon', '150', 'active', '2016-09-01 16:08:24', null, '2016-09-01 16:08:24', null);
INSERT INTO `location_district` VALUES ('143', 'SimpangKeuramat', '150', 'active', '2016-09-01 16:08:24', null, '2016-09-01 16:08:24', null);
INSERT INTO `location_district` VALUES ('144', 'SyamtaliraAron', '150', 'active', '2016-09-01 16:08:24', null, '2016-09-01 16:08:24', null);
INSERT INTO `location_district` VALUES ('145', 'SyamtaliraBayu', '150', 'active', '2016-09-01 16:08:24', null, '2016-09-01 16:08:24', null);
INSERT INTO `location_district` VALUES ('146', 'TanahJamboAye', '150', 'active', '2016-09-01 16:08:24', null, '2016-09-01 16:08:24', null);
INSERT INTO `location_district` VALUES ('147', 'TanahLuas', '150', 'active', '2016-09-01 16:08:24', null, '2016-09-01 16:08:24', null);
INSERT INTO `location_district` VALUES ('148', 'TanahPasir', '150', 'active', '2016-09-01 16:08:24', null, '2016-09-01 16:08:24', null);
INSERT INTO `location_district` VALUES ('149', 'AmpekNagari', '162', 'active', '2016-09-01 16:08:24', null, '2016-09-01 16:08:24', null);
INSERT INTO `location_district` VALUES ('150', 'Banuhampu', '162', 'active', '2016-09-01 16:08:24', null, '2016-09-01 16:08:24', null);
INSERT INTO `location_district` VALUES ('151', 'Baso', '162', 'active', '2016-09-01 16:08:24', null, '2016-09-01 16:08:24', null);
INSERT INTO `location_district` VALUES ('152', 'Candung', '162', 'active', '2016-09-01 16:08:24', null, '2016-09-01 16:08:24', null);
INSERT INTO `location_district` VALUES ('153', 'IVAngkatCanduang', '162', 'active', '2016-09-01 16:08:24', null, '2016-09-01 16:08:24', null);
INSERT INTO `location_district` VALUES ('154', 'IVKoto', '162', 'active', '2016-09-01 16:08:24', null, '2016-09-01 16:08:24', null);
INSERT INTO `location_district` VALUES ('155', 'KamangMagek', '162', 'active', '2016-09-01 16:08:24', null, '2016-09-01 16:08:24', null);
INSERT INTO `location_district` VALUES ('156', 'LubukBasung', '162', 'active', '2016-09-01 16:08:24', null, '2016-09-01 16:08:24', null);
INSERT INTO `location_district` VALUES ('157', 'Matur', '162', 'active', '2016-09-01 16:08:24', null, '2016-09-01 16:08:24', null);
INSERT INTO `location_district` VALUES ('158', 'Palembayan', '162', 'active', '2016-09-01 16:08:24', null, '2016-09-01 16:08:24', null);
INSERT INTO `location_district` VALUES ('159', 'Palupuh', '162', 'active', '2016-09-01 16:08:24', null, '2016-09-01 16:08:24', null);
INSERT INTO `location_district` VALUES ('160', 'SungaiPuar', '162', 'active', '2016-09-01 16:08:24', null, '2016-09-01 16:08:24', null);
INSERT INTO `location_district` VALUES ('161', 'TanjungMutiara', '162', 'active', '2016-09-01 16:08:24', null, '2016-09-01 16:08:24', null);
INSERT INTO `location_district` VALUES ('162', 'TanjungRaya', '162', 'active', '2016-09-01 16:08:24', null, '2016-09-01 16:08:24', null);
INSERT INTO `location_district` VALUES ('163', 'TilatangKamang', '162', 'active', '2016-09-01 16:08:24', null, '2016-09-01 16:08:24', null);
INSERT INTO `location_district` VALUES ('176', 'Kec. Barat', '30', 'active', '2016-09-02 10:40:40', null, '2016-09-02 10:40:40', null);
INSERT INTO `location_district` VALUES ('177', 'Kec. Pusat', '31', 'active', '2016-09-02 10:40:40', null, '2016-09-02 10:40:40', null);
INSERT INTO `location_district` VALUES ('178', 'Kec. Selatan', '32', 'active', '2016-09-02 10:40:40', null, '2016-09-02 10:40:40', null);
INSERT INTO `location_district` VALUES ('179', 'Kec. Timur', '33', 'active', '2016-09-02 10:40:40', null, '2016-09-02 10:40:40', null);
INSERT INTO `location_district` VALUES ('180', 'Kec. Utara', '34', 'active', '2016-09-02 10:40:40', null, '2016-09-02 10:40:40', null);
INSERT INTO `location_district` VALUES ('181', 'Kotabaru', '30', 'active', '2016-10-03 11:47:09', 'taufiq.putra@smartfren.com', '2016-10-03 11:47:09', 'taufiq.putra@smartfren.com');

-- ----------------------------
-- Table structure for location_province
-- ----------------------------
DROP TABLE IF EXISTS `location_province`;
CREATE TABLE `location_province` (
  `id` int(255) NOT NULL AUTO_INCREMENT,
  `name` varchar(255) DEFAULT NULL,
  `status` enum('inactive','active') DEFAULT 'active',
  `input_date` timestamp NULL DEFAULT CURRENT_TIMESTAMP,
  `input_by` varchar(255) DEFAULT NULL,
  `update_date` timestamp NULL DEFAULT CURRENT_TIMESTAMP,
  `update_by` varchar(255) DEFAULT NULL,
  PRIMARY KEY (`id`)
) ENGINE=InnoDB AUTO_INCREMENT=35 DEFAULT CHARSET=utf8;

-- ----------------------------
-- Records of location_province
-- ----------------------------
INSERT INTO `location_province` VALUES ('1', 'Nanggroe Aceh Darussalam', 'active', '2016-09-01 14:13:16', 'System', '2016-09-01 14:13:16', 'System');
INSERT INTO `location_province` VALUES ('2', 'Sumatra Utara', 'active', '2016-09-01 14:13:16', 'System', '2016-09-01 14:13:16', 'System');
INSERT INTO `location_province` VALUES ('3', 'Sumatra Barat', 'active', '2016-09-01 14:13:16', 'System', '2016-09-01 14:13:16', 'System');
INSERT INTO `location_province` VALUES ('4', 'Sumatra Selatan', 'active', '2016-09-01 14:13:16', 'System', '2016-09-01 14:13:16', 'System');
INSERT INTO `location_province` VALUES ('5', 'Riau', 'active', '2016-09-01 14:13:16', 'System', '2016-09-01 14:13:16', 'System');
INSERT INTO `location_province` VALUES ('6', 'Kepulauan Riau', 'active', '2016-09-01 14:13:16', 'System', '2016-09-01 14:13:16', 'System');
INSERT INTO `location_province` VALUES ('7', 'Jambi', 'active', '2016-09-01 14:13:16', 'System', '2016-09-01 14:13:16', 'System');
INSERT INTO `location_province` VALUES ('8', 'Bangka Belitung', 'active', '2016-09-01 14:13:16', 'System', '2016-09-01 14:13:16', 'System');
INSERT INTO `location_province` VALUES ('9', 'Bengkulu', 'active', '2016-09-01 14:13:17', 'System', '2016-09-01 14:13:17', 'System');
INSERT INTO `location_province` VALUES ('10', 'Lampung', 'active', '2016-09-01 14:13:17', 'System', '2016-09-01 14:13:17', 'System');
INSERT INTO `location_province` VALUES ('11', 'Banten', 'active', '2016-09-01 14:13:17', 'System', '2016-09-01 14:13:17', 'System');
INSERT INTO `location_province` VALUES ('12', 'DKI Jakarta', 'active', '2016-09-01 14:13:17', 'System', '2016-09-01 14:13:17', 'System');
INSERT INTO `location_province` VALUES ('13', 'Jawa Barat', 'active', '2016-09-01 14:13:17', 'System', '2016-09-01 14:13:17', 'System');
INSERT INTO `location_province` VALUES ('14', 'Jawa Tengah', 'active', '2016-09-01 14:13:17', 'System', '2016-09-01 14:13:17', 'System');
INSERT INTO `location_province` VALUES ('15', 'DI Yogyakarta', 'active', '2016-09-01 14:13:17', 'System', '2016-09-01 14:13:17', 'System');
INSERT INTO `location_province` VALUES ('16', 'Jawa Timur', 'active', '2016-09-01 14:13:17', 'System', '2016-09-01 14:13:17', 'System');
INSERT INTO `location_province` VALUES ('17', 'Bali', 'active', '2016-09-01 14:13:17', 'System', '2016-09-01 14:13:17', 'System');
INSERT INTO `location_province` VALUES ('18', 'Nusa Tenggara Barat', 'active', '2016-09-01 14:13:17', 'System', '2016-09-01 14:13:17', 'System');
INSERT INTO `location_province` VALUES ('19', 'Nusa Tenggara Timur', 'active', '2016-09-01 14:13:17', 'System', '2016-09-01 14:13:17', 'System');
INSERT INTO `location_province` VALUES ('20', 'Gorontalo', 'active', '2016-09-01 14:13:17', 'System', '2016-09-01 14:13:17', 'System');
INSERT INTO `location_province` VALUES ('21', 'Sulawesi Barat', 'active', '2016-09-01 14:13:17', 'System', '2016-09-01 14:13:17', 'System');
INSERT INTO `location_province` VALUES ('22', 'Sulawesi Tengah', 'active', '2016-09-01 14:13:17', 'System', '2016-09-01 14:13:17', 'System');
INSERT INTO `location_province` VALUES ('23', 'Sulawesi Utara', 'active', '2016-09-01 14:13:17', 'System', '2016-09-01 14:13:17', 'System');
INSERT INTO `location_province` VALUES ('24', 'Sulawesi Tenggara', 'active', '2016-09-01 14:13:17', 'System', '2016-09-01 14:13:17', 'System');
INSERT INTO `location_province` VALUES ('25', 'Sulawesi Selatan', 'active', '2016-09-01 14:13:17', 'System', '2016-09-01 14:13:17', 'System');
INSERT INTO `location_province` VALUES ('26', 'Kalimantan Barat', 'active', '2016-09-01 14:13:17', 'System', '2016-09-01 14:13:17', 'System');
INSERT INTO `location_province` VALUES ('27', 'Kalimantan Timur', 'active', '2016-09-01 14:13:17', 'System', '2016-09-01 14:13:17', 'System');
INSERT INTO `location_province` VALUES ('28', 'Kalimantan Selatan', 'active', '2016-09-01 14:13:17', 'System', '2016-09-01 14:13:17', 'System');
INSERT INTO `location_province` VALUES ('29', 'Kalimantan Tengah', 'active', '2016-09-01 14:13:17', 'System', '2016-09-01 14:13:17', 'System');
INSERT INTO `location_province` VALUES ('30', 'Kalimantan Utara', 'active', '2016-09-01 14:13:17', 'System', '2016-09-01 14:13:17', 'System');
INSERT INTO `location_province` VALUES ('31', 'Maluku', 'active', '2016-09-01 14:13:17', 'System', '2016-09-01 14:13:17', 'System');
INSERT INTO `location_province` VALUES ('32', 'Maluku Utara', 'active', '2016-09-01 14:13:17', 'System', '2016-09-01 14:13:17', 'System');
INSERT INTO `location_province` VALUES ('33', 'Papua', 'active', '2016-09-01 14:13:17', 'System', '2016-09-01 14:13:17', 'System');
INSERT INTO `location_province` VALUES ('34', 'Papua Barat', 'active', '2016-09-01 14:13:17', 'System', '2016-09-01 14:13:17', 'System');

-- ----------------------------
-- Table structure for payment_method
-- ----------------------------
DROP TABLE IF EXISTS `payment_method`;
CREATE TABLE `payment_method` (
  `id` int(255) NOT NULL AUTO_INCREMENT,
  `name` varchar(255) DEFAULT NULL,
  `status` enum('inactive','active') DEFAULT 'active',
  `input_date` timestamp NULL DEFAULT CURRENT_TIMESTAMP,
  `input_by` varchar(255) DEFAULT NULL,
  `update_date` timestamp NULL DEFAULT CURRENT_TIMESTAMP,
  `update_by` varchar(255) DEFAULT NULL,
  PRIMARY KEY (`id`)
) ENGINE=InnoDB AUTO_INCREMENT=4 DEFAULT CHARSET=utf8;

-- ----------------------------
-- Records of payment_method
-- ----------------------------
INSERT INTO `payment_method` VALUES ('1', 'COD', 'active', '2016-08-24 09:20:06', 'System', '2016-08-24 09:20:06', 'System');
INSERT INTO `payment_method` VALUES ('2', 'Bank Transfer', 'active', '2016-08-26 13:48:37', 'System', '2016-08-26 13:48:37', 'System');
INSERT INTO `payment_method` VALUES ('3', 'Virtual Account', 'active', '2016-09-29 14:24:27', 'System', '2016-09-29 14:24:27', 'System');

-- ----------------------------
-- Table structure for payment_method_location_mapping
-- ----------------------------
DROP TABLE IF EXISTS `payment_method_location_mapping`;
CREATE TABLE `payment_method_location_mapping` (
  `id` int(255) NOT NULL AUTO_INCREMENT,
  `location_district_id` int(255) NOT NULL,
  `payment_method_id` int(255) NOT NULL,
  `status` enum('inactive','active') DEFAULT 'active',
  `input_date` timestamp NULL DEFAULT CURRENT_TIMESTAMP,
  `input_by` varchar(255) DEFAULT NULL,
  `update_date` timestamp NULL DEFAULT CURRENT_TIMESTAMP,
  `update_by` varchar(255) DEFAULT NULL,
  PRIMARY KEY (`id`),
  KEY `payment_method_location_payment_method_id` (`payment_method_id`),
  KEY `payment_method_location_district_id` (`location_district_id`),
  CONSTRAINT `payment_method_location_district_id` FOREIGN KEY (`location_district_id`) REFERENCES `location_district` (`id`) ON UPDATE CASCADE,
  CONSTRAINT `payment_method_location_payment_method_id` FOREIGN KEY (`payment_method_id`) REFERENCES `payment_method` (`id`) ON UPDATE CASCADE
) ENGINE=InnoDB AUTO_INCREMENT=14 DEFAULT CHARSET=utf8;

-- ----------------------------
-- Records of payment_method_location_mapping
-- ----------------------------
INSERT INTO `payment_method_location_mapping` VALUES ('1', '176', '1', 'active', '2016-09-02 10:41:49', null, '2016-09-02 10:41:49', null);
INSERT INTO `payment_method_location_mapping` VALUES ('2', '177', '1', 'active', '2016-09-02 10:41:53', null, '2016-09-02 10:41:53', null);
INSERT INTO `payment_method_location_mapping` VALUES ('3', '178', '1', 'active', '2016-09-02 10:41:56', null, '2016-09-02 10:41:56', null);
INSERT INTO `payment_method_location_mapping` VALUES ('4', '179', '1', 'active', '2016-09-02 10:42:05', null, '2016-09-02 10:42:05', null);
INSERT INTO `payment_method_location_mapping` VALUES ('5', '180', '1', 'active', '2016-09-02 10:42:09', null, '2016-09-02 10:42:09', null);
INSERT INTO `payment_method_location_mapping` VALUES ('6', '176', '2', 'active', '2016-09-02 10:42:42', null, '2016-09-02 10:42:42', null);
INSERT INTO `payment_method_location_mapping` VALUES ('7', '177', '2', 'active', '2016-09-02 10:42:42', null, '2016-09-02 10:42:42', null);
INSERT INTO `payment_method_location_mapping` VALUES ('8', '178', '2', 'active', '2016-09-02 10:42:42', null, '2016-09-02 10:42:42', null);
INSERT INTO `payment_method_location_mapping` VALUES ('9', '179', '2', 'active', '2016-09-02 10:42:42', null, '2016-09-02 10:42:42', null);
INSERT INTO `payment_method_location_mapping` VALUES ('10', '180', '2', 'active', '2016-09-02 10:42:42', null, '2016-09-02 10:42:42', null);
INSERT INTO `payment_method_location_mapping` VALUES ('11', '38', '2', 'active', '2016-09-02 10:43:08', null, '2016-09-02 10:43:08', null);
INSERT INTO `payment_method_location_mapping` VALUES ('12', '2', '2', 'inactive', '2016-09-02 10:43:24', null, '2016-09-29 02:53:03', 'taufiq.putra@smartfren.com');
INSERT INTO `payment_method_location_mapping` VALUES ('13', '1', '2', 'active', '2016-09-29 01:58:24', 'taufiq.putra@smartfren.com', '2016-09-29 01:58:24', 'taufiq.putra@smartfren.com');

-- ----------------------------
-- Table structure for product
-- ----------------------------
DROP TABLE IF EXISTS `product`;
CREATE TABLE `product` (
  `id` int(255) NOT NULL AUTO_INCREMENT,
  `name` varchar(255) DEFAULT NULL,
  `category_id` int(255) DEFAULT NULL,
  `description` longtext,
  `image_url` text,
  `hit_count` int(255) NOT NULL DEFAULT '0',
  `status` enum('inactive','active') DEFAULT 'active',
  `input_date` timestamp NULL DEFAULT CURRENT_TIMESTAMP,
  `input_by` varchar(255) DEFAULT NULL,
  `update_date` timestamp NULL DEFAULT CURRENT_TIMESTAMP,
  `update_by` varchar(255) DEFAULT NULL,
  PRIMARY KEY (`id`),
  KEY `product_category_id` (`category_id`),
  CONSTRAINT `product_category_id` FOREIGN KEY (`category_id`) REFERENCES `product_category` (`id`) ON UPDATE CASCADE
) ENGINE=InnoDB AUTO_INCREMENT=117 DEFAULT CHARSET=utf8;

-- ----------------------------
-- Records of product
-- ----------------------------
INSERT INTO `product` VALUES ('1', 'Andromax A', '1', '<p class=\"MsoNormalCxSpMiddle\" style=\"text-align: left;\"><b><span style=\"font-size:12.0pt;font-family:\" arial\",\"sans-serif\"\"=\"\">Spesifikasi\r\n:</span></b></p>\r\n\r\n<span lang=\"IN\" style=\"font-size:10.0pt;font-family:\r\n\" arial\",\"sans-serif\"\"=\"\">4.</span><span style=\"font-size:10.0pt;font-family:\" arial\",\"sans-serif\"\"=\"\">5\r\nFWVGA</span><br>\r\n\r\n<span style=\"font-size:10.0pt;font-family:\" arial\",\"sans-serif\"\"=\"\">Quad\r\nCore 1.1 Ghz </span><br>\r\n\r\n<span style=\"font-size:10.0pt;font-family:\" arial\",\"sans-serif\"\"=\"\">Qualcomm\r\nSnapdragon</span><br>\r\n\r\n<span style=\"font-size:10.0pt;font-family:\" arial\",\"sans-serif\"\"=\"\">OS\r\n5 (Lollipop)</span><br>\r\n\r\n<span style=\"font-size:10.0pt;font-family:\" arial\",\"sans-serif\"\"=\"\">1GB\r\nRAM + 8GB ROM</span><br>\r\n\r\n<span style=\"font-size:10.0pt;font-family:\" arial\",\"sans-serif\"\"=\"\">Dual\r\nCamera</span><br>\r\n\r\n<span style=\"font-size:10.0pt;font-family:\" arial\",\"sans-serif\"\"=\"\">5MP\r\nAF LED Flash</span><br>\r\n\r\n<span style=\"font-size:10.0pt;font-family:\" arial\",\"sans-serif\"\"=\"\">+\r\n5MP Wide Angle</span><br>\r\n\r\n<span style=\"font-size:10.0pt;font-family:\" arial\",\"sans-serif\"\"=\"\">1950\r\nmAh</span><br>\r\n\r\n<span style=\"font-size:10.0pt;font-family:\" arial\",\"sans-serif\"\"=\"\">VOLTE</span><br>\r\n\r\n<span style=\"font-size:10.0pt;font-family:\" arial\",\"sans-serif\"\"=\"\">Fitur\r\nSVI</span><br>\r\n\r\n<span style=\"font-size:10.0pt;font-family:\" arial\",\"sans-serif\"\"=\"\">Smart\r\nScreen</span><br>\r\n\r\n<p class=\"MsoNormal\"><span style=\"font-size:12.0pt;font-family:\" arial\",\"sans-serif\"\"=\"\">&nbsp;</span></p>\r\n\r\n<p class=\"MsoNormal\"></p><div style=\"text-align: left;\"><b><span style=\"font-size:12.0pt;font-family:\" arial\",\"sans-serif\"\"=\"\">Benefit\r\n:</span></b></div><span style=\"font-size:12.0pt;font-family:\" arial\",\"sans-serif\"\"=\"\">\r\nBonus Kuota 17 GB*</span><span style=\"font-size:12.0pt;font-family:\" arial\",\"sans-serif\"\"=\"\"><br>\r\nBonus 2GB + 6GB Internet Malam **<br>\r\n10 Menit Nelpon ke semua operator&nbsp; <br>\r\n1000 Menit ke sesama Smartfren <br>\r\n100 SMS ke semua operator</span><p></p>\r\n\r\n<p class=\"MsoNormal\">&nbsp;</p>\r\n\r\n<p class=\"MsoNormal\"><b><span style=\"font-size:8.0pt\">Note :</span></b><b><span style=\"font-size:8.0pt\"> </span></b><br>\r\n\r\n<span style=\"font-size:8.0pt\">*&nbsp;Bonus didapat dengan\r\nmelakukan isi ulang pertama senilai min 100 Ribu </span><br>\r\n\r\n<span style=\"font-size:8.0pt\">Bonus kuota dapat digunakan 24\r\njam <br>\r\ndan berlaku 17 hari sejak pengisian ulang pertama dilakukan </span><br>\r\n\r\n<span style=\"font-size:8.0pt\">Bonus kuota hanya berlaku satu\r\nkali <br>\r\ndan tidak dapat diakumulasi dengan kuota lainnya </span><br>\r\n\r\n<span style=\"font-size:8.0pt\">Periode promo 10-31 Agustus\r\n2016</span><br>\r\n\r\n<span style=\"font-size:8.0pt\">** Bonus 2 GB + 6 GB (internet\r\nMalam) berlaku 30 hari <br>\r\nsejak pengisian ulang pertama di lakukan.</span><br>\r\n\r\n<span style=\"font-size:8.0pt\">Total Bonus yang didapat\r\nsetelah melakukan isi ulang pertama <br>\r\nsenilai min 100 Ribu adalah <br>\r\n17 GB + 2 GB + 6 GB (internet malam)</span></p>', 'assets/img/product/andromax_a/image.png', '30', 'active', '2016-08-22 09:17:26', 'System', '2016-09-27 02:36:24', 'taufiq.putra@smartfren.com');
INSERT INTO `product` VALUES ('2', 'Andromax E2', '1', '<p class=MsoNormal><b>Spesifikasi :</b></p>\r\n\r\n<span lang=IN>4.5 FWVGA Bright LCD</span><br/>\r\n\r\n<span lang=IN>Quad Core 1.3 Ghz </span><br/>\r\n\r\n<span lang=IN>Qualcomm Snapdragon</span><br/>\r\n\r\n<span lang=IN>OS 5 (Lollipop)</span><br/>\r\n\r\n<span lang=IN>1GB RAM + 8GB ROM</span><br/>\r\n\r\n<span lang=IN>Dual Camera Dual LED </span><br/>\r\n\r\n<span lang=IN>5MP AF + 5MP w LED</span><br/>\r\n\r\n<span lang=IN>2000 mAh</span><br/>\r\n\r\n<span lang=IN>VOLTE Ready</span><br/>\r\n\r\n<span lang=IN>Smart Gesture + DTS </span><br/>\r\n\r\n<p class=MsoNormal>&nbsp;</p>\r\n\r\n<p class=MsoNormal><b>Benefit:</b><br>\r\nBonus Kuota 17 GB*<br>\r\nBonus 2GB + 6GB Internet Malam **<br>\r\n10 Menit Nelpon ke semua operator&nbsp; <br>\r\n1000 Menit ke sesama Smartfren <br>\r\n100 SMS ke semua operator</p>\r\n\r\n<p class=MsoNormal>&nbsp;</p>\r\n\r\n<p class=MsoNormal><b>Note :</b><b> </b></p>\r\n\r\n*&nbsp;Bonus didapat dengan melakukan isi ulang pertama\r\nsenilai min 100 Ribu <br/>\r\n\r\nBonus kuota dapat digunakan 24 jam dan berlaku 17 hari sejak\r\npengisian ulang pertama dilakukan <br/>\r\n\r\nBonus kuota hanya berlaku satu kali dan tidak dapat\r\ndiakumulasi dengan kuota lainnya <br/>\r\n\r\nPeriode promo 10-31 Agustus 2016<br/>\r\n\r\n** Bonus 2 GB + 6 GB (internet Malam) berlaku 30 hari sejak\r\npengisian ulang pertama di lakukan.<br/>\r\n\r\nTotal Bonus yang didapat setelah melakukan isi ulang pertama\r\nsenilai min 100 Ribu adalah 17 GB + 2 GB + 6 GB (internet malam)</p>', 'assets/img/product/andromax_e2/image.png', '11', 'active', '2016-08-22 09:18:08', 'System', '2016-08-22 09:18:08', 'System');
INSERT INTO `product` VALUES ('3', 'Andromax E2+', '1', '<p class=MsoNormal><b>Spesifikasi :</b></p>\r\n\r\n<span lang=IN>4.5 FWVGA </span>IPS OCA <br/>\r\n\r\n<span lang=IN>Quad Core 1.3 Ghz </span><br/>\r\n\r\n<span lang=IN>Qualcomm Snapdragon</span><br/>\r\n\r\n<span lang=IN>OS 5 (Lollipop)</span><br/>\r\n\r\n2<span lang=IN>GB RAM + </span>16<span lang=IN>GB ROM</span><br/>\r\n\r\n<span lang=IN>Dual Camera Dual LED </span><br/>\r\n\r\n<span lang=IN>5MP AF + 5MP w LED</span><br/>\r\n\r\n19<span lang=IN>00 mAh</span><br/>\r\n\r\n<span lang=IN>VOLTE Ready</span><br/>\r\n\r\n<span lang=IN>Smart Gesture + </span>Dolby + Quick Charge </p>\r\n\r\n<p class=MsoNormal>&nbsp;</p>\r\n\r\n<p class=MsoNormal><b>Benefit:</b><br>\r\nBonus Kuota 17 GB*<br>\r\nBonus 2GB + 6GB Internet Malam **<br>\r\n10 Menit Nelpon ke semua operator&nbsp; <br>\r\n1000 Menit ke sesama Smartfren <br>\r\n100 SMS ke semua operator</p>\r\n\r\n<p class=MsoNormal>&nbsp;</p>\r\n\r\n<p class=MsoNormal><b>Note :</b><b> </b></p>\r\n\r\n*&nbsp;Bonus didapat dengan melakukan isi ulang pertama\r\nsenilai min 100 Ribu <br/>\r\n\r\nBonus kuota dapat digunakan 24 jam dan berlaku 17 hari sejak\r\npengisian ulang pertama dilakukan <br/>\r\n\r\nBonus kuota hanya berlaku satu kali dan tidak dapat\r\ndiakumulasi dengan kuota lainnya <br/>\r\n\r\nPeriode promo 10-31 Agustus 2016<br/>\r\n\r\n** Bonus 2 GB + 6 GB (internet Malam) berlaku 30 hari sejak\r\npengisian ulang pertama di lakukan.<br/>\r\n\r\nTotal Bonus yang didapat setelah melakukan isi ulang pertama\r\nsenilai min 100 Ribu adalah 17 GB + 2 GB + 6 GB (internet malam)</p>', 'assets/img/product/andromax_e2+/image.png', '12', 'active', '2016-08-22 09:18:53', 'System', '2016-08-22 09:18:53', 'System');
INSERT INTO `product` VALUES ('13', 'Andromax R2', '1', '<p class=MsoNormal><b>Spesifikasi</b><b> :</b></p>\r\n\r\n<span lang=IN>.5 HD IPS OGS </span><br/>\r\n\r\n<span lang=IN>With Dragron Trail Glass</span><br/>\r\n\r\n<span lang=IN>Octa Core 1.4 Ghz </span><br/>\r\n\r\n<span lang=IN>Qualcomm Snapdragon</span><br/>\r\n\r\n<span lang=IN>OS Lollipop</span><br/>\r\n\r\n<span lang=IN>2GB RAM + 16GB ROM</span><br/>\r\n\r\n<span lang=IN>2320 mAh</span><br/>\r\n\r\n<span lang=IN>Dual Camera Triple LED </span><br/>\r\n\r\n<span lang=IN>13MP AF + 5MP w LED</span><br/>\r\n\r\n<span lang=IN>Gyroscope</span><br/>\r\n\r\n<span lang=IN>VOLTE Ready</span><br/>\r\n\r\n<span lang=IN>Kinetic Selfie + Smart Gesture + Dolby</span></p>\r\n\r\n<p class=MsoNormal>&nbsp;</p>\r\n\r\n<p class=MsoNormal><b>Benefit:</b><br>\r\nBonus Kuota 17 GB*<br>\r\nBonus 2GB + 6GB Internet Malam **<br>\r\n10 Menit Nelpon ke semua operator&nbsp; <br>\r\n1000 Menit ke sesama Smartfren <br>\r\n100 SMS ke semua operator</p>\r\n\r\n<p class=MsoNormal>&nbsp;</p>\r\n\r\n<p class=MsoNormal><b>Note :</b><b> </b></p>\r\n\r\n*&nbsp;Bonus didapat dengan melakukan isi ulang pertama\r\nsenilai min 100 Ribu <br/>\r\n\r\nBonus kuota dapat digunakan 24 jam dan berlaku 17 hari sejak\r\npengisian ulang pertama dilakukan <br/>\r\n\r\nBonus kuota hanya berlaku satu kali dan tidak dapat\r\ndiakumulasi dengan kuota lainnya <br/>\r\n\r\nPeriode promo 10-31 Agustus 2016<br/>\r\n\r\n** Bonus 2 GB + 6 GB (internet Malam) berlaku 30 hari sejak\r\npengisian ulang pertama di lakukan.<br/>\r\n\r\nTotal Bonus yang didapat setelah melakukan isi ulang pertama\r\nsenilai min 100 Ribu adalah 17 GB + 2 GB + 6 GB (internet malam)</p>', 'assets/img/product/andromax_r2/image.png', '2', 'active', '2016-08-26 14:13:54', 'System', '2016-08-26 14:13:54', 'System');
INSERT INTO `product` VALUES ('14', 'New Andromax M3Y', '2', '<b>Spesifikasi:</b><br/>\r\n\r\nModem WiFi LTE Cat4<br/>\r\n\r\nChipset Qualcomm MDM 9307<br/>\r\n\r\nWiFi 802.11 b/g/n<br/>\r\n\r\nSupport up to 32 users connections<br/>\r\n\r\nBattery 3000mAH<br/>\r\n\r\nMicroSD Slot, support up to 32GB<br/>\r\n\r\nWireless Storage Function<br/>\r\n\r\nWPS button<br/>\r\n\r\nUser Friendly Apps using MyLink M3Y<br/>\r\n\r\n(available in iOS and Android)<br/>\r\n\r\nMySmartfren Apps for checking  <br/>\r\n\r\nbalance, quota &amp; active period<br/>\r\n\r\nColor Options:<br/>\r\n\r\nBlack &amp; White<br/>\r\n\r\n<p class=MsoNormal>&nbsp;</p>\r\n\r\n<p class=MsoNormal><b>Benefit:</b><br/>\r\n\r\nFree Big Quota 30GB valid for 30 Days First Activation<br/>\r\n\r\n<p class=MsoNormal>&nbsp;</p>\r\n\r\n<p class=MsoNormal><b>Note:</b><br/>\r\n\r\nTop up Min 100 K Free Quota tambahan 2GB untuk 12X pengisian\r\natau 12 bulan mana lebih dahulu </p>', 'assets/img/product/new_andromax_m3y/image.png', '2', 'active', '2016-08-26 14:14:13', 'System', '2016-08-26 14:14:13', 'System');
INSERT INTO `product` VALUES ('15', 'New Andromax M3Z', '2', '<b>Spesifikasi:</b><br/>\r\n\r\nModem WiFi LTE Cat4<br/>\r\n\r\nChipset Qualcomm MDM 9307<br/>\r\n\r\nWiFi 802.11 b/g/n<br/>\r\n\r\nSupport up to 32 users connections<br/>\r\n\r\nBattery 3000mAH<br/>\r\n\r\nMicroSD Slot, support up to 32GB<br/>\r\n\r\nWireless Storage Function<br/>\r\n\r\nWPS button<br/>\r\n\r\nUser Friendly Apps using MyLink M3Y<br/>\r\n\r\n(available in iOS and Android)<br/>\r\n\r\nMySmartfren Apps for checking  <br/>\r\n\r\nbalance, quota &amp; active period<br/>\r\n\r\nColor Options:<br/>\r\n\r\nBlue &amp; Brown<br/>\r\n\r\n<p class=MsoNormal>&nbsp;</p>\r\n\r\n<p class=MsoNormal><b>Benefit:</b><br/>\r\n\r\nFree Big Quota 30GB valid for 30 Days First Activation<br/>\r\n\r\n<p class=MsoNormal>&nbsp;<br/>\r\n\r\n<p class=MsoNormal><b>Note:</b></p>\r\n\r\nTop up Min 100 K Free Quota tambahan 2GB untuk 12X pengisian\r\natau 12 bulan mana lebih dahulu </p>', 'assets/img/product/new_andromax_m3z/image.png', '0', 'active', '2016-08-26 14:14:34', 'System', '2016-08-26 14:14:34', 'System');
INSERT INTO `product` VALUES ('18', 'Samsung Galaxy S7 Edge', '3', '<b>Spesifikasi:</b></p>\r\n\r\n<span lang=IN>Jaringan GSM / HSPA / LTE Kartu SIM Optional\r\nDual SIM (Nano-SIM, dual stand-by) <br/>Layar Tipe super AMOLED&nbsp;capacitive\r\ntouchscreen 16 juta warna, ukuran 5.5\"<br/>Resolusi 1440 x 2560\r\npixels,&nbsp;Corning Gorilla Glass (unspecified version), <br/>Multitouch Sistem\r\nOperasi Android OS, v6 (Marshmallow) <br/>Chipset Qualcomm MSM8996 Snapdragon 820<br/>\r\nExynos 8890 Octa Prosesor Dual-core 2.15 GHz &amp; dual-core 1.6 GHz<br/>\r\nQuad-core 2.3 GHz + quad-core 1.6 GHz GPU Adreno 530<br/>\r\nMali-T880 MP12 RAM 4 GB Memori Internal 32/64 GB,<br/>\r\nmicroSD, up to 200 GB (dedicated slot)  single SIM model<br/>\r\nmicroSD, up to 200 GB (uses SIM 2 slot)  dual SIM model <br/>Kamera Belakang 12 MP,\r\nf/1.7, 26mm, <br/>phase detection autofocus, OIS, LED flash<br/>\r\nDepan 5 MP, f/1.7, 22mm, dual video call, Auto HDR<br/>\r\nVideo 2160p@30fps, 1080p@60fps, 720p@120fps, HDR, dual-video rec<br/>\r\nFitur: 1/2.6&#8243; sensor size, 1.4 m pixel size, geo-tagging, touch focus,\r\n<br/>face detection, Auto HDR, panorama <br/>Konektifitas Wi-Fi 802.11 a/b/g/n/ac,\r\ndual-band, Wi-Fi Direct, hotspot<br>\r\nBluetooth v4.2, A2DP, LE, apt-X<br>\r\nA-GPS, GLONASS, BDS<br>\r\nNFC<br>\r\nmicroUSB v2.0, USB Host Baterai Non-removable Li-Ion 3600 mAh battery<b> </b></span></p>\r\n\r\n<p class=MsoNormal><b>&nbsp;</b></p>\r\n\r\n<b>Benefit:</b></p>\r\n\r\n1GB<br/>\r\n\r\n100 Menit telepon ke sesama<br/>', 'assets/img/product/samsung_galaxy_s7_edge/image.png', '10', 'active', '2016-08-26 14:16:04', 'System', '2016-08-26 14:16:04', 'System');
INSERT INTO `product` VALUES ('19', 'Samsung Galaxy S7', '3', '<p class=MsoNormal><b>Spesifikasi:</b><br/>\r\n\r\n<p class=MsoNormal><span lang=IN>Jaringan GSM / HSPA / LTE Kartu SIM Nano-SIM<br/>\r\nLayar Tipe super AMOLED&nbsp;capacitive touchscreen 16 juta warna, ukuran\r\n5.1&#8243;, Resolusi 1440 x 2560 pixels,&nbsp;<br/>\r\nCorning Gorilla Glass(unspecified version), <br/>\r\nMultitouch Sistem Operasi Android OS, v6 (Marshmallow)<br/>\r\nChipset Qualcomm MSM8996 Snapdragon 820<br/>\r\nExynos 8890 Octa Prosesor Dual-core 2.15 GHz &amp; dual-core 1.6 GHz<br/>\r\nQuad-core 2.3 GHz + quad-core 1.6 GHz GPU Adreno 530<br/>\r\nMali-T880 MP12 RAM 4 GB Memori Internal 32/64 GB, <br/>\r\ndidukung kapasitas memori eksternal hingga 200 GB <br/>\r\nKamera Belakang 12 MP, f/1.7, phase detection<br/>\r\nautofocus, OIS, LED flash<br/>\r\nDepan 5 MP, f/1.7, dual video call, Auto HDR<br/>\r\nVideo&nbsp;2160p@30fps, 1080p@60fps, 720p@120fps<br/>\r\nHDR, dual-video rec<br/>\r\nFitur: 1/2.6&#8243; sensor size, 1.4 m pixel size,<br/>\r\ngeo-tagging, touch focus<br/>\r\nface detection, Auto HDR, panorama <br/>\r\nKonektifitas Wi-Fi 802.11 a/b/g/n/ac<br/>\r\ndual-band, Wi-Fi Direct, hotspot<br/>\r\nBluetooth v4.2, A2DP, LE, apt-X<br/>\r\nA-GPS, GLONASS, BDS<br/>\r\nNFC<br/>\r\nmicroUSB v2.0, USB Host Baterai Non-removable Li-Ion 3000 mAh battery<b> </b></span><br/>\r\n\r\n<p class=MsoNormal>&nbsp;</p>\r\n\r\n<b>Benefit:</b><br/>\r\n\r\n1GB<br/>\r\n\r\n100 Menit telepon ke sesama<br/>', 'assets/img/product/samsung_galaxy_s7/image.png', '1', 'active', '2016-08-26 14:16:09', 'System', '2016-08-26 14:16:09', 'System');
INSERT INTO `product` VALUES ('20', 'Samsung Galaxy J16', '3', null, 'assets/img/product/samsung_galaxy_j16/image.png', '1', 'active', '2016-08-26 14:16:34', 'System', '2016-08-26 14:16:34', 'System');
INSERT INTO `product` VALUES ('21', 'Samsung Galaxy J2', '3', null, 'assets/img/product/samsung_galaxy_j2/image.png', '0', 'active', '2016-08-26 14:16:50', 'System', '2016-08-26 14:16:50', 'System');
INSERT INTO `product` VALUES ('22', 'Lenovo Vibe K5 Plus', '3', null, 'assets/img/product/lenovo_vibe_k5_plus/image.png', '0', 'active', '2016-08-26 14:17:18', 'System', '2016-08-26 14:17:18', 'System');
INSERT INTO `product` VALUES ('23', 'Lenovo A6010', '3', null, 'assets/img/product/lenovo_a6010/image.png', '0', 'active', '2016-08-26 14:17:25', 'System', '2016-08-26 14:17:25', 'System');
INSERT INTO `product` VALUES ('24', 'Evercoss Winner T 4G', '3', null, 'assets/img/product/evercoss_winner_t_4g/image.png', '0', 'active', '2016-08-26 14:17:45', 'System', '2016-08-26 14:17:45', 'System');
INSERT INTO `product` VALUES ('25', 'Hisense Pureshot+', '3', null, 'assets/img/product/hisense_pureshot+/image.png', '0', 'active', '2016-08-26 14:18:31', 'System', '2016-08-26 14:18:31', 'System');
INSERT INTO `product` VALUES ('26', 'Hisense Pureshot', '3', null, 'assets/img/product/hisense_pureshot/image.png', '0', 'active', '2016-08-26 14:18:38', 'System', '2016-08-26 14:18:38', 'System');
INSERT INTO `product` VALUES ('27', 'Pulsa', '4', '<table style=\"width: 139.85pt; border-collapse: collapse;\" border=\"1\" cellpadding=\"0\" cellspacing=\"0\" width=\"186\">\r\n	<tbody>\r\n		<tr style=\"height: 2.75pt;\">\r\n			<td style=\"width: 66.4pt; border-width: 1pt medium; border-style: solid none; border-color: #c0504d -moz-use-text-color; padding: 0in 5.4pt; height: 2.75pt;\" valign=\"top\" width=\"89\"><strong><span style=\"font-size: 10pt; font-family: \'Arial\',\'sans-serif\'; color: black;\">Denominasi </span></strong>\r\n			</td>\r\n			<td style=\"width: 73.45pt; border-width: 1pt medium; border-style: solid none; border-color: #c0504d -moz-use-text-color; padding: 0in 5.4pt; height: 2.75pt;\" valign=\"top\" width=\"98\"><strong><span style=\"font-size: 10pt; font-family: \'Arial\',\'sans-serif\'; color: black;\">Masa Aktif </span></strong>\r\n			</td>\r\n		</tr>\r\n		<tr style=\"height: 0.65pt;\">\r\n			<td style=\"width: 66.4pt; background: #efd3d2 none repeat scroll 0% 0%; padding: 0in 5.4pt; height: 0.65pt; text-align: center;\" valign=\"top\" width=\"89\"><strong><span style=\"font-size: 10pt; font-family: \'Arial\',\'sans-serif\'; color: black;\">10.000</span></strong>\r\n			</td>\r\n			<td style=\"width: 73.45pt; background: #efd3d2 none repeat scroll 0% 0%; padding: 0in 5.4pt; height: 0.65pt; text-align: center;\" valign=\"top\" width=\"98\"><span style=\"font-size: 10pt; font-family: \'Arial\',\'sans-serif\'; color: black;\">15 hari </span>\r\n			</td>\r\n		</tr>\r\n		<tr style=\"height: 2.75pt;\">\r\n			<td style=\"width: 66.4pt; padding: 0in 5.4pt; height: 2.75pt; text-align: center;\" valign=\"top\" width=\"89\"><strong><span style=\"font-size: 10pt; font-family: \'Arial\',\'sans-serif\'; color: black;\">20.000</span></strong>\r\n			</td>\r\n			<td style=\"width: 73.45pt; padding: 0in 5.4pt; height: 2.75pt; text-align: center;\" valign=\"top\" width=\"98\"><span style=\"font-size: 10pt; font-family: \'Arial\',\'sans-serif\'; color: black;\">30 hari </span>\r\n			</td>\r\n		</tr>\r\n		<tr style=\"height: 2.65pt;\">\r\n			<td style=\"width: 66.4pt; background: #efd3d2 none repeat scroll 0% 0%; padding: 0in 5.4pt; height: 2.65pt; text-align: center;\" valign=\"top\" width=\"89\"><strong><span style=\"font-size: 10pt; font-family: \'Arial\',\'sans-serif\'; color: black;\">25.000</span></strong>\r\n			</td>\r\n			<td style=\"width: 73.45pt; background: #efd3d2 none repeat scroll 0% 0%; padding: 0in 5.4pt; height: 2.65pt; text-align: center;\" valign=\"top\" width=\"98\"><span style=\"font-size: 10pt; font-family: \'Arial\',\'sans-serif\'; color: black;\">30 hari </span>\r\n			</td>\r\n		</tr>\r\n		<tr style=\"height: 2.65pt;\">\r\n			<td style=\"width: 66.4pt; padding: 0in 5.4pt; height: 2.65pt; text-align: center;\" valign=\"top\" width=\"89\"><strong><span style=\"font-size: 10pt; font-family: \'Arial\',\'sans-serif\'; color: black;\">50.000</span></strong>\r\n			</td>\r\n			<td style=\"width: 73.45pt; padding: 0in 5.4pt; height: 2.65pt; text-align: center;\" valign=\"top\" width=\"98\"><span style=\"font-size: 10pt; font-family: \'Arial\',\'sans-serif\'; color: black;\">75 hari </span>\r\n			</td>\r\n		</tr>\r\n		<tr style=\"height: 2.75pt;\">\r\n			<td style=\"width: 66.4pt; background: #efd3d2 none repeat scroll 0% 0%; padding: 0in 5.4pt; height: 2.75pt; text-align: center;\" valign=\"top\" width=\"89\"><strong><span style=\"font-size: 10pt; font-family: \'Arial\',\'sans-serif\'; color: black;\">60.000</span></strong>\r\n			</td>\r\n			<td style=\"width: 73.45pt; background: #efd3d2 none repeat scroll 0% 0%; padding: 0in 5.4pt; height: 2.75pt; text-align: center;\" valign=\"top\" width=\"98\"><span style=\"font-size: 10pt; font-family: \'Arial\',\'sans-serif\'; color: black;\">75 hari </span>\r\n			</td>\r\n		</tr>\r\n		<tr style=\"height: 0.65pt;\">\r\n			<td style=\"width: 66.4pt; padding: 0in 5.4pt; height: 0.65pt; text-align: center;\" valign=\"top\" width=\"89\"><strong><span style=\"font-size: 10pt; font-family: \'Arial\',\'sans-serif\'; color: black;\">75.000</span></strong>\r\n			</td>\r\n			<td style=\"width: 73.45pt; padding: 0in 5.4pt; height: 0.65pt; text-align: center;\" valign=\"top\" width=\"98\"><span style=\"font-size: 10pt; font-family: \'Arial\',\'sans-serif\'; color: black;\">75 hari </span>\r\n			</td>\r\n		</tr>\r\n		<tr style=\"height: 2.75pt;\">\r\n			<td style=\"width: 66.4pt; background: #efd3d2 none repeat scroll 0% 0%; padding: 0in 5.4pt; height: 2.75pt; text-align: center;\" valign=\"top\" width=\"89\"><strong><span style=\"font-size: 10pt; font-family: \'Arial\',\'sans-serif\'; color: black;\">100.000</span></strong>\r\n			</td>\r\n			<td style=\"width: 73.45pt; background: #efd3d2 none repeat scroll 0% 0%; padding: 0in 5.4pt; height: 2.75pt; text-align: center;\" valign=\"top\" width=\"98\"><span style=\"font-size: 10pt; font-family: \'Arial\',\'sans-serif\'; color: black;\">150 hari </span>\r\n			</td>\r\n		</tr>\r\n		<tr style=\"height: 2.65pt;\">\r\n			<td style=\"width: 66.4pt; padding: 0in 5.4pt; height: 2.65pt; text-align: center;\" valign=\"top\" width=\"89\"><strong><span style=\"font-size: 10pt; font-family: \'Arial\',\'sans-serif\'; color: black;\">150.000</span></strong>\r\n			</td>\r\n			<td style=\"width: 73.45pt; padding: 0in 5.4pt; height: 2.65pt; text-align: center;\" valign=\"top\" width=\"98\"><span style=\"font-size: 10pt; font-family: \'Arial\',\'sans-serif\'; color: black;\">150 hari </span>\r\n			</td>\r\n		</tr>\r\n		<tr style=\"height: 2.75pt;\">\r\n			<td style=\"width: 66.4pt; background: #efd3d2 none repeat scroll 0% 0%; padding: 0in 5.4pt; height: 2.75pt; text-align: center;\" valign=\"top\" width=\"89\"><strong><span style=\"font-size: 10pt; font-family: \'Arial\',\'sans-serif\'; color: black;\">200.000</span></strong>\r\n			</td>\r\n			<td style=\"width: 73.45pt; background: #efd3d2 none repeat scroll 0% 0%; padding: 0in 5.4pt; height: 2.75pt; text-align: center;\" valign=\"top\" width=\"98\"><span style=\"font-size: 10pt; font-family: \'Arial\',\'sans-serif\'; color: black;\">150 hari </span>\r\n			</td>\r\n		</tr>\r\n		<tr style=\"height: 2.65pt;\">\r\n			<td style=\"width: 66.4pt; padding: 0in 5.4pt; height: 2.65pt; text-align: center;\" valign=\"top\" width=\"89\"><strong><span style=\"font-size: 10pt; font-family: \'Arial\',\'sans-serif\'; color: black;\">300.000</span></strong>\r\n			</td>\r\n			<td style=\"width: 73.45pt; padding: 0in 5.4pt; height: 2.65pt; text-align: center;\" valign=\"top\" width=\"98\"><span style=\"font-size: 10pt; font-family: \'Arial\',\'sans-serif\'; color: black;\">180 hari </span>\r\n			</td>\r\n		</tr>\r\n		<tr style=\"height: 0.3pt;\">\r\n			<td style=\"width: 66.4pt; border-width: medium medium 1pt; border-style: none none solid; border-color: -moz-use-text-color -moz-use-text-color #c0504d; background: #efd3d2 none repeat scroll 0% 0%; padding: 0in 5.4pt; height: 0.3pt; text-align: center;\" valign=\"top\" width=\"89\"><strong><span style=\"font-size: 10pt; font-family: \'Arial\',\'sans-serif\'; color: black;\">500.000</span></strong>\r\n			</td>\r\n			<td style=\"width: 73.45pt; border-width: medium medium 1pt; border-style: none none solid; border-color: -moz-use-text-color -moz-use-text-color #c0504d; background: #efd3d2 none repeat scroll 0% 0%; padding: 0in 5.4pt; height: 0.3pt; text-align: center;\" valign=\"top\" width=\"98\"><span style=\"font-size: 10pt; font-family: \'Arial\',\'sans-serif\'; color: black;\">180 hari </span>\r\n			</td>\r\n		</tr>\r\n	</tbody>\r\n</table>', 'assets/img/product/pulsa/image.png', '0', 'active', '2016-08-26 14:19:51', 'System', '2016-08-26 14:19:51', 'System');
INSERT INTO `product` VALUES ('38', 'My Smartplan', '5', '<table style=\"width: 374.25pt; border-collapse: collapse;\" border=\"0\" cellpadding=\"0\" cellspacing=\"0\" width=\"499\">\r\n	<tbody>\r\n		<tr style=\"height: 12.75pt;\">\r\n			<td style=\"width: 140.25pt; border: 1pt solid white; padding: 0.75pt 0.75pt 0in; height: 12.75pt;\" width=\"187\"><span style=\"font-size: 10pt; font-family: \'Arial\',\'sans-serif\'; color: black;\">My SmartPlan Mingguan 20rb </span>\r\n			</td>\r\n			<td style=\"width: 3.25in; padding: 0in; height: 12.75pt;\" width=\"312\"><span style=\"font-size: 10pt; font-family: \'Arial\',\'sans-serif\'; color: black;\">300MB+20SMS+5Menif offnet+500 Menit Onnet </span>\r\n			</td>\r\n		</tr>\r\n		<tr style=\"height: 12.75pt;\">\r\n			<td style=\"width: 140.25pt; border-width: medium 1pt 1pt; border-style: none solid solid; border-color: -moz-use-text-color white white; background: #f2dbdb none repeat scroll 0% 0%; padding: 0.75pt 0.75pt 0in; height: 12.75pt;\" width=\"187\"><span style=\"font-size: 10pt; font-family: \'Arial\',\'sans-serif\'; color: black;\">Prepaid SmartPlan Bronze</span>\r\n			</td>\r\n			<td style=\"width: 3.25in; background: #f2dbdb none repeat scroll 0% 0%; padding: 0in; height: 12.75pt;\" width=\"312\"><span style=\"font-size: 10pt; font-family: \'Arial\',\'sans-serif\'; color: black;\">1GB+100SMS+10Menit offnet+500 Menit Onnet </span>\r\n			</td>\r\n		</tr>\r\n		<tr style=\"height: 12.75pt;\">\r\n			<td style=\"width: 140.25pt; border-width: medium 1pt 1pt; border-style: none solid solid; border-color: -moz-use-text-color white white; padding: 0.75pt 0.75pt 0in; height: 12.75pt;\" width=\"187\"><span style=\"font-size: 10pt; font-family: \'Arial\',\'sans-serif\'; color: black;\">Prepaid SmartPlan Silver</span>\r\n			</td>\r\n			<td style=\"width: 3.25in; padding: 0in; height: 12.75pt;\" width=\"312\"><span style=\"font-size: 10pt; font-family: \'Arial\',\'sans-serif\'; color: black;\">4GB+100SMS+10Menit offnet+1000 Menit Onnet </span>\r\n			</td>\r\n		</tr>\r\n		<tr style=\"height: 12.75pt;\">\r\n			<td style=\"width: 140.25pt; border-width: medium 1pt 1pt; border-style: none solid solid; border-color: -moz-use-text-color white white; background: #f2dbdb none repeat scroll 0% 0%; padding: 0.75pt 0.75pt 0in; height: 12.75pt;\" width=\"187\"><span style=\"font-size: 10pt; font-family: \'Arial\',\'sans-serif\'; color: black;\">Prepaid SmartPlan Silver 75rb </span>\r\n			</td>\r\n			<td style=\"width: 3.25in; background: #f2dbdb none repeat scroll 0% 0%; padding: 0in; height: 12.75pt;\" width=\"312\"><span style=\"font-size: 10pt; font-family: \'Arial\',\'sans-serif\'; color: black;\">5GB+100SMS+10Menit offnet+1000 Menit Onnet </span>\r\n			</td>\r\n		</tr>\r\n		<tr style=\"height: 12.75pt;\">\r\n			<td style=\"width: 140.25pt; border-width: medium 1pt 1pt; border-style: none solid solid; border-color: -moz-use-text-color white white; padding: 0.75pt 0.75pt 0in; height: 12.75pt;\" width=\"187\"><span style=\"font-size: 10pt; font-family: \'Arial\',\'sans-serif\'; color: black;\">Prepaid SmartPlan Gold </span>\r\n			</td>\r\n			<td style=\"width: 3.25in; padding: 0in; height: 12.75pt;\" width=\"312\"><span style=\"font-size: 10pt; font-family: \'Arial\',\'sans-serif\'; color: black;\">8GB+200SMS+20Menit offnet+1500 Menit Onnet </span>\r\n			</td>\r\n		</tr>\r\n		<tr style=\"height: 12.75pt;\">\r\n			<td style=\"width: 140.25pt; border-width: medium 1pt 1pt; border-style: none solid solid; border-color: -moz-use-text-color white white; background: #f2dbdb none repeat scroll 0% 0%; padding: 0.75pt 0.75pt 0in; height: 12.75pt;\" width=\"187\"><span style=\"font-size: 10pt; font-family: \'Arial\',\'sans-serif\'; color: black;\">Prepaid SmartPlan Platinum</span>\r\n			</td>\r\n			<td style=\"width: 3.25in; background: #f2dbdb none repeat scroll 0% 0%; padding: 0in; height: 12.75pt;\" width=\"312\"><span style=\"font-size: 10pt; font-family: \'Arial\',\'sans-serif\'; color: black;\">16GB+100SMS+10Menit offnet+1000 Menit Onnet </span>\r\n			</td>\r\n		</tr>\r\n	</tbody>\r\n</table>', 'assets/img/product/my_smartplan/image.png', '0', 'active', '2016-08-26 14:28:20', 'System', '2016-08-26 14:28:20', 'System');
INSERT INTO `product` VALUES ('39', 'Unlimited', '5', '<table style=\"width: 135.9pt; border-collapse: collapse;\" border=\"1\" cellpadding=\"0\" cellspacing=\"0\" width=\"181\">\r\n	<tbody>\r\n		<tr style=\"height: 12.75pt;\">\r\n			<td style=\"width: 135.9pt; border-width: 1pt medium medium; border-style: solid none none; border-color: #c0504d -moz-use-text-color -moz-use-text-color; padding: 0in 5.4pt; height: 12.75pt;\" valign=\"top\" width=\"181\"><span style=\"font-size: 10pt; font-family: \'Arial\',\'sans-serif\'; color: black;\">Internet Unlimited 60rb </span>\r\n			</td>\r\n		</tr>\r\n		<tr style=\"height: 12.75pt;\">\r\n			<td style=\"width: 135.9pt; background: #efd3d2 none repeat scroll 0% 0%; padding: 0in 5.4pt; height: 12.75pt;\" valign=\"top\" width=\"181\"><span style=\"font-size: 10pt; font-family: \'Arial\',\'sans-serif\'; color: black;\">Internet Unlimited 100rb </span>\r\n			</td>\r\n		</tr>\r\n		<tr style=\"height: 12.75pt;\">\r\n			<td style=\"width: 135.9pt; padding: 0in 5.4pt; height: 12.75pt;\" valign=\"top\" width=\"181\"><span style=\"font-size: 10pt; font-family: \'Arial\',\'sans-serif\'; color: black;\">Internet Unlimited 200rb </span>\r\n			</td>\r\n		</tr>\r\n	</tbody>\r\n</table>', 'assets/img/product/unlimited/image.png', '0', 'active', '2016-08-26 14:28:38', 'System', '2016-08-26 14:28:38', 'System');
INSERT INTO `product` VALUES ('40', 'VOLTE', '5', '<table style=\"width: 68.25pt; border-collapse: collapse;\" border=\"0\" cellpadding=\"0\" cellspacing=\"0\" width=\"91\">\r\n	<tbody>\r\n		<tr style=\"height: 12.75pt;\">\r\n			<td style=\"width: 68.25pt; border: 1pt solid white; padding: 0.75pt 0.75pt 0in; height: 12.75pt;\" width=\"91\"><span style=\"font-size: 10pt; font-family: \'Arial\',\'sans-serif\'; color: black;\">VoLTE Plan A </span>\r\n			</td>\r\n		</tr>\r\n		<tr style=\"height: 13.5pt;\">\r\n			<td style=\"width: 68.25pt; border-width: medium 1pt 1pt; border-style: none solid solid; border-color: -moz-use-text-color white white; background: #f2dbdb none repeat scroll 0% 0%; padding: 0.75pt 0.75pt 0in; height: 13.5pt;\" width=\"91\"><span style=\"font-size: 10pt; font-family: \'Arial\',\'sans-serif\'; color: black;\">VoLTE Plan B </span>\r\n			</td>\r\n		</tr>\r\n	</tbody>\r\n</table>', 'assets/img/product/volte/image.png', '0', 'active', '2016-08-26 14:28:50', 'System', '2016-08-26 14:28:50', 'System');
INSERT INTO `product` VALUES ('115', 'Volume Base (Quota)', '5', '<table style=\"width: 117.9pt; border-collapse: collapse;\" border=\"1\" cellpadding=\"0\" cellspacing=\"0\" width=\"157\">\r\n	<tbody>\r\n		<tr style=\"height: 15pt;\">\r\n			<td style=\"width: 117.9pt; border-width: 1pt medium medium; border-style: solid none none; border-color: #c0504d -moz-use-text-color -moz-use-text-color; padding: 0in 5.4pt; height: 15pt;\" valign=\"top\" width=\"157\"><span style=\"font-size: 10pt; font-family: \'Arial\',\'sans-serif\'; color: black;\">Internet 12rb </span>\r\n			</td>\r\n		</tr>\r\n		<tr style=\"height: 12.75pt;\">\r\n			<td style=\"width: 117.9pt; background: #efd3d2 none repeat scroll 0% 0%; padding: 0in 5.4pt; height: 12.75pt;\" valign=\"top\" width=\"157\"><span style=\"font-size: 10pt; font-family: \'Arial\',\'sans-serif\'; color: black;\">Internet 12rb Otomatis </span>\r\n			</td>\r\n		</tr>\r\n		<tr style=\"height: 12.75pt;\">\r\n			<td style=\"width: 117.9pt; padding: 0in 5.4pt; height: 12.75pt;\" valign=\"top\" width=\"157\"><span style=\"font-size: 10pt; font-family: \'Arial\',\'sans-serif\'; color: black;\">Internet 25rb </span>\r\n			</td>\r\n		</tr>\r\n		<tr style=\"height: 12.75pt;\">\r\n			<td style=\"width: 117.9pt; background: #efd3d2 none repeat scroll 0% 0%; padding: 0in 5.4pt; height: 12.75pt;\" valign=\"top\" width=\"157\"><span style=\"font-size: 10pt; font-family: \'Arial\',\'sans-serif\'; color: black;\">Internet 25rb Otomatis </span>\r\n			</td>\r\n		</tr>\r\n		<tr style=\"height: 12.75pt;\">\r\n			<td style=\"width: 117.9pt; padding: 0in 5.4pt; height: 12.75pt;\" valign=\"top\" width=\"157\"><span style=\"font-size: 10pt; font-family: \'Arial\',\'sans-serif\'; color: black;\">Internet 50rb </span>\r\n			</td>\r\n		</tr>\r\n		<tr style=\"height: 12.75pt;\">\r\n			<td style=\"width: 117.9pt; background: #efd3d2 none repeat scroll 0% 0%; padding: 0in 5.4pt; height: 12.75pt;\" valign=\"top\" width=\"157\"><span style=\"font-size: 10pt; font-family: \'Arial\',\'sans-serif\'; color: black;\">Internet 50rb Otomatis </span>\r\n			</td>\r\n		</tr>\r\n		<tr style=\"height: 12.75pt;\">\r\n			<td style=\"width: 117.9pt; padding: 0in 5.4pt; height: 12.75pt;\" valign=\"top\" width=\"157\"><span style=\"font-size: 10pt; font-family: \'Arial\',\'sans-serif\'; color: black;\">Internet 60rb </span>\r\n			</td>\r\n		</tr>\r\n		<tr style=\"height: 12.75pt;\">\r\n			<td style=\"width: 117.9pt; background: #efd3d2 none repeat scroll 0% 0%; padding: 0in 5.4pt; height: 12.75pt;\" valign=\"top\" width=\"157\"><span style=\"font-size: 10pt; font-family: \'Arial\',\'sans-serif\'; color: black;\">Internet 60rb Otomatis </span>\r\n			</td>\r\n		</tr>\r\n		<tr style=\"height: 12.75pt;\">\r\n			<td style=\"width: 117.9pt; padding: 0in 5.4pt; height: 12.75pt;\" valign=\"top\" width=\"157\"><span style=\"font-size: 10pt; font-family: \'Arial\',\'sans-serif\'; color: black;\">Internet 100rb </span>\r\n			</td>\r\n		</tr>\r\n		<tr style=\"height: 12.75pt;\">\r\n			<td style=\"width: 117.9pt; background: #efd3d2 none repeat scroll 0% 0%; padding: 0in 5.4pt; height: 12.75pt;\" valign=\"top\" width=\"157\"><span style=\"font-size: 10pt; font-family: \'Arial\',\'sans-serif\'; color: black;\">Internet 100rb Otomatis </span>\r\n			</td>\r\n		</tr>\r\n		<tr style=\"height: 12.75pt;\">\r\n			<td style=\"width: 117.9pt; padding: 0in 5.4pt; height: 12.75pt;\" valign=\"top\" width=\"157\"><span style=\"font-size: 10pt; font-family: \'Arial\',\'sans-serif\'; color: black;\">Internet 150rb </span>\r\n			</td>\r\n		</tr>\r\n		<tr style=\"height: 12.75pt;\">\r\n			<td style=\"width: 117.9pt; background: #efd3d2 none repeat scroll 0% 0%; padding: 0in 5.4pt; height: 12.75pt;\" valign=\"top\" width=\"157\"><span style=\"font-size: 10pt; font-family: \'Arial\',\'sans-serif\'; color: black;\">Internet 150rb Otomatis </span>\r\n			</td>\r\n		</tr>\r\n		<tr style=\"height: 12.75pt;\">\r\n			<td style=\"width: 117.9pt; border-width: medium medium 1pt; border-style: none none solid; border-color: -moz-use-text-color -moz-use-text-color #c0504d; padding: 0in 5.4pt; height: 12.75pt;\" valign=\"top\" width=\"157\"><span style=\"font-size: 10pt; font-family: \'Arial\',\'sans-serif\'; color: black;\">Internet Volume 300rb </span>\r\n			</td>\r\n		</tr>\r\n	</tbody>\r\n</table>', 'assets/img/product/volume_base_(quota)/image.png', '0', 'active', '2016-08-26 15:08:38', 'System', '2016-08-26 15:08:38', 'System');
INSERT INTO `product` VALUES ('116', 'Baru', '3', '<p>Ini descriptio <b>LHO</b></p><ul><li><b>no 1</b></li><li><b>no 2</b></li></ul>', 'assets/img/product/baru/116.png', '0', 'active', '2016-10-03 11:44:31', 'taufiq.putra@smartfren.com', '2016-10-03 11:44:40', 'taufiq.putra@smartfren.com');

-- ----------------------------
-- Table structure for product_category
-- ----------------------------
DROP TABLE IF EXISTS `product_category`;
CREATE TABLE `product_category` (
  `id` int(255) NOT NULL AUTO_INCREMENT,
  `name` varchar(255) DEFAULT NULL,
  `status` enum('inactive','active') DEFAULT 'active',
  `input_date` timestamp NULL DEFAULT CURRENT_TIMESTAMP,
  `input_by` varchar(255) DEFAULT NULL,
  `update_date` timestamp NULL DEFAULT CURRENT_TIMESTAMP,
  `update_by` varchar(255) DEFAULT NULL,
  PRIMARY KEY (`id`)
) ENGINE=InnoDB AUTO_INCREMENT=6 DEFAULT CHARSET=utf8;

-- ----------------------------
-- Records of product_category
-- ----------------------------
INSERT INTO `product_category` VALUES ('1', 'Andromax', 'active', '2016-08-22 09:14:54', 'System', '2016-09-27 09:24:17', 'taufiq.putra@smartfren.com');
INSERT INTO `product_category` VALUES ('2', 'Mifi', 'active', '2016-08-22 09:15:05', 'System', '2016-08-22 09:15:05', 'System');
INSERT INTO `product_category` VALUES ('3', 'Smartphone', 'active', '2016-08-26 14:15:39', 'System', '2016-08-26 14:15:39', 'System');
INSERT INTO `product_category` VALUES ('4', 'Pulsa', 'inactive', '2016-08-26 14:19:19', 'System', '2016-08-26 14:19:19', 'System');
INSERT INTO `product_category` VALUES ('5', 'Paket Data', 'inactive', '2016-08-26 14:27:46', 'System', '2016-08-26 14:27:46', 'System');

-- ----------------------------
-- Table structure for product_colour
-- ----------------------------
DROP TABLE IF EXISTS `product_colour`;
CREATE TABLE `product_colour` (
  `id` int(255) NOT NULL AUTO_INCREMENT,
  `name` varchar(255) DEFAULT NULL,
  `product_id` int(255) DEFAULT NULL,
  `image_url` text,
  `status` enum('inactive','active') DEFAULT 'active',
  `input_date` timestamp NULL DEFAULT CURRENT_TIMESTAMP,
  `input_by` varchar(255) DEFAULT NULL,
  `update_date` timestamp NULL DEFAULT CURRENT_TIMESTAMP,
  `update_by` varchar(255) DEFAULT NULL,
  PRIMARY KEY (`id`),
  KEY `product_colour_product_id` (`product_id`),
  CONSTRAINT `product_colour_product_id` FOREIGN KEY (`product_id`) REFERENCES `product` (`id`) ON UPDATE CASCADE
) ENGINE=InnoDB AUTO_INCREMENT=54 DEFAULT CHARSET=utf8;

-- ----------------------------
-- Records of product_colour
-- ----------------------------
INSERT INTO `product_colour` VALUES ('1', 'Black', '1', 'assets/img/product/andromax_a/variant/black.png', 'active', '2016-08-22 09:19:22', 'System', '2016-08-22 09:19:22', 'System');
INSERT INTO `product_colour` VALUES ('3', 'Black', '2', 'assets/img/product/andromax_e2/variant/black.png', 'active', '2016-08-22 09:19:42', 'System', '2016-08-22 09:19:42', 'System');
INSERT INTO `product_colour` VALUES ('4', 'Black', '3', 'assets/img/product/andromax_e2+/variant/black.png', 'active', '2016-08-22 09:19:50', 'System', '2016-08-22 09:19:50', 'System');
INSERT INTO `product_colour` VALUES ('5', 'Black', '13', 'assets/img/product/andromax_r2/variant/black.png', 'active', '2016-08-22 09:20:00', 'System', '2016-08-22 09:20:00', 'System');
INSERT INTO `product_colour` VALUES ('6', '10.000', '27', 'assets/img/product/pulsa/variant/10.000.png', 'active', '2016-08-26 14:25:34', 'System', '2016-08-26 14:25:34', 'System');
INSERT INTO `product_colour` VALUES ('7', '20.000', '27', 'assets/img/product/pulsa/variant/20000.png', 'active', '2016-08-26 14:25:34', 'System', '2016-08-26 14:25:34', 'System');
INSERT INTO `product_colour` VALUES ('8', '25.000', '27', 'assets/img/product/pulsa/variant/25000.png', 'active', '2016-08-26 14:25:34', 'System', '2016-08-26 14:25:34', 'System');
INSERT INTO `product_colour` VALUES ('9', '50.000', '27', 'assets/img/product/pulsa/variant/50000.png', 'active', '2016-08-26 14:25:34', 'System', '2016-08-26 14:25:34', 'System');
INSERT INTO `product_colour` VALUES ('10', '60.000', '27', 'assets/img/product/pulsa/variant/60000.png', 'active', '2016-08-26 14:25:34', 'System', '2016-08-26 14:25:34', 'System');
INSERT INTO `product_colour` VALUES ('11', '75.000', '27', 'assets/img/product/pulsa/variant/75000.png', 'active', '2016-08-26 14:25:34', 'System', '2016-08-26 14:25:34', 'System');
INSERT INTO `product_colour` VALUES ('12', '100.000', '27', 'assets/img/product/pulsa/variant/100000.png', 'active', '2016-08-26 14:25:34', 'System', '2016-08-26 14:25:34', 'System');
INSERT INTO `product_colour` VALUES ('13', '150.000', '27', 'assets/img/product/pulsa/variant/150000.png', 'active', '2016-08-26 14:25:34', 'System', '2016-08-26 14:25:34', 'System');
INSERT INTO `product_colour` VALUES ('14', '200.000', '27', 'assets/img/product/pulsa/variant/200000.png', 'active', '2016-08-26 14:25:34', 'System', '2016-08-26 14:25:34', 'System');
INSERT INTO `product_colour` VALUES ('15', '300.000', '27', 'assets/img/product/pulsa/variant/300000.png', 'active', '2016-08-26 14:25:34', 'System', '2016-08-26 14:25:34', 'System');
INSERT INTO `product_colour` VALUES ('16', '500.000', '27', 'assets/img/product/pulsa/variant/500000.png', 'active', '2016-08-26 14:25:39', 'System', '2016-08-26 14:25:39', 'System');
INSERT INTO `product_colour` VALUES ('17', 'My SmartPlan Mingguan 20rb', '38', 'assets/img/product/my_smartplan/variant/1.png', 'inactive', '2016-08-26 15:09:18', 'System', '2016-09-27 09:34:34', 'taufiq.putra@smartfren.com');
INSERT INTO `product_colour` VALUES ('18', 'Prepaid My SmartPlan Bronze', '38', 'assets/img/product/my_smartplan/variant/2.png', 'active', '2016-08-26 15:09:59', 'System', '2016-08-26 15:09:59', 'System');
INSERT INTO `product_colour` VALUES ('19', 'Prepaid My SmartPlan Silver', '38', 'assets/img/product/my_smartplan/variant/3.png', 'active', '2016-08-26 15:10:01', 'System', '2016-08-26 15:10:01', 'System');
INSERT INTO `product_colour` VALUES ('20', 'Prepaid My SmartPlan Silver 75rb', '38', 'assets/img/product/my_smartplan/variant/4.png', 'active', '2016-08-26 15:10:03', 'System', '2016-08-26 15:10:03', 'System');
INSERT INTO `product_colour` VALUES ('21', 'Prepaid My SmartPlan Gold', '38', 'assets/img/product/my_smartplan/variant/5.png', 'active', '2016-08-26 15:10:13', 'System', '2016-08-26 15:10:13', 'System');
INSERT INTO `product_colour` VALUES ('22', 'Prepaid My SmartPlan Platinum', '38', 'assets/img/product/my_smartplan/variant/6.png', 'active', '2016-08-26 15:12:05', 'System', '2016-08-26 15:12:05', 'System');
INSERT INTO `product_colour` VALUES ('23', 'Black', '14', 'assets/img/product/new_andromax_m3y/variant/black.png', 'active', '2016-08-26 15:13:12', 'System', '2016-08-26 15:13:12', 'System');
INSERT INTO `product_colour` VALUES ('24', 'Brown', '15', 'assets/img/product/new_andromax_m3z/variant/brown.png', 'active', '2016-08-26 15:13:23', 'System', '2016-08-26 15:13:23', 'System');
INSERT INTO `product_colour` VALUES ('25', 'Gold', '18', 'assets/img/product/samsung_galaxy_s7_edge/variant/gold.png', 'active', '2016-08-26 15:13:45', 'System', '2016-08-26 15:13:45', 'System');
INSERT INTO `product_colour` VALUES ('26', 'Silver', '18', 'assets/img/product/samsung_galaxy_s7_edge/variant/silver.png', 'active', '2016-08-26 15:13:58', 'System', '2016-08-26 15:13:58', 'System');
INSERT INTO `product_colour` VALUES ('27', 'Gold', '19', 'assets/img/product/samsung_galaxy_s7/variant/gold.png', 'active', '2016-08-26 15:15:53', 'System', '2016-08-26 15:15:53', 'System');
INSERT INTO `product_colour` VALUES ('28', 'Gold', '20', 'assets/img/product/samsung_galaxy_j16/variant/gold.png', 'active', '2016-08-26 15:16:21', 'System', '2016-08-26 15:16:21', 'System');
INSERT INTO `product_colour` VALUES ('29', 'White', '21', 'assets/img/product/samsung_galaxy_j2/variant/white.png', 'active', '2016-08-26 15:16:55', 'System', '2016-08-26 15:16:55', 'System');
INSERT INTO `product_colour` VALUES ('30', 'Gold', '22', 'assets/img/product/lenovo_vibe_k5_plus/variant/gold.png', 'active', '2016-08-26 15:17:46', 'System', '2016-08-26 15:17:46', 'System');
INSERT INTO `product_colour` VALUES ('31', 'Black', '23', 'assets/img/product/lenovo_a6010/variant/black.png', 'active', '2016-08-26 15:17:55', 'System', '2016-08-26 15:17:55', 'System');
INSERT INTO `product_colour` VALUES ('32', 'White', '24', 'assets/img/product/evercoss_winner_t_4g/variant/white.png', 'active', '2016-08-26 15:18:14', 'System', '2016-08-26 15:18:14', 'System');
INSERT INTO `product_colour` VALUES ('33', 'Black', '25', 'assets/img/product/hisense_pureshot+/variant/black.png', 'active', '2016-08-26 15:18:32', 'System', '2016-08-26 15:18:32', 'System');
INSERT INTO `product_colour` VALUES ('34', 'White', '26', 'assets/img/product/hisense_pureshot/variant/white.png', 'active', '2016-08-26 15:18:43', 'System', '2016-08-26 15:18:43', 'System');
INSERT INTO `product_colour` VALUES ('35', 'Internet Unlimited 60rb', '39', 'assets/img/product/unlimited/variant/1.png', 'active', '2016-08-26 15:19:15', 'System', '2016-08-26 15:19:15', 'System');
INSERT INTO `product_colour` VALUES ('36', 'Internet Unlimited 100rb', '39', 'assets/img/product/unlimited/variant/2.png', 'active', '2016-08-26 15:19:16', 'System', '2016-08-26 15:19:16', 'System');
INSERT INTO `product_colour` VALUES ('37', 'Internet Unlimited 200rb', '39', 'assets/img/product/unlimited/variant/3.png', 'active', '2016-08-26 15:19:18', 'System', '2016-08-26 15:19:18', 'System');
INSERT INTO `product_colour` VALUES ('38', 'VoLTE Plan A', '40', 'assets/img/product/volte/variant/1.png', 'active', '2016-08-26 16:05:53', 'System', '2016-08-26 16:05:53', 'System');
INSERT INTO `product_colour` VALUES ('39', 'VoLTE Plan B', '40', 'assets/img/product/volte/variant/2.png', 'active', '2016-08-26 16:05:56', null, '2016-08-26 16:05:56', null);
INSERT INTO `product_colour` VALUES ('40', 'Internet 12rb', '115', 'assets/img/product/volume_base_(quota)/variant/1.png', 'active', '2016-08-26 16:07:24', null, '2016-08-26 16:07:24', null);
INSERT INTO `product_colour` VALUES ('41', 'Internet 12rb Otomatis', '115', 'assets/img/product/volume_base_(quota)/variant/2.png', 'active', '2016-08-26 16:07:25', null, '2016-08-26 16:07:25', null);
INSERT INTO `product_colour` VALUES ('42', 'Internet 25rb', '115', 'assets/img/product/volume_base_(quota)/variant/3.png', 'active', '2016-08-26 16:07:27', null, '2016-08-26 16:07:27', null);
INSERT INTO `product_colour` VALUES ('43', 'Internet 25rb Otomatis', '115', 'assets/img/product/volume_base_(quota)/variant/4.png', 'active', '2016-08-26 16:07:27', null, '2016-08-26 16:07:27', null);
INSERT INTO `product_colour` VALUES ('44', 'Internet 50rb', '115', 'assets/img/product/volume_base_(quota)/variant/5.png', 'active', '2016-08-26 16:07:29', null, '2016-08-26 16:07:29', null);
INSERT INTO `product_colour` VALUES ('45', 'Internet 50rb Otomatis', '115', 'assets/img/product/volume_base_(quota)/variant/6.png', 'active', '2016-08-26 16:07:29', null, '2016-08-26 16:07:29', null);
INSERT INTO `product_colour` VALUES ('46', 'Internet 60rb', '115', 'assets/img/product/volume_base_(quota)/variant/7.png', 'active', '2016-08-26 16:07:30', null, '2016-08-26 16:07:30', null);
INSERT INTO `product_colour` VALUES ('47', 'Internet 60rb Otomatis', '115', 'assets/img/product/volume_base_(quota)/variant/8.png', 'active', '2016-08-26 16:07:31', null, '2016-08-26 16:07:31', null);
INSERT INTO `product_colour` VALUES ('48', 'Internet 100rb', '115', 'assets/img/product/volume_base_(quota)/variant/9.png', 'active', '2016-08-26 16:07:32', null, '2016-08-26 16:07:32', null);
INSERT INTO `product_colour` VALUES ('49', 'Internet 100rb Otomatis', '115', 'assets/img/product/volume_base_(quota)/variant/10.png', 'active', '2016-08-26 16:07:33', null, '2016-08-26 16:07:33', null);
INSERT INTO `product_colour` VALUES ('50', 'Internet 150rb', '115', 'assets/img/product/volume_base_(quota)/variant/11.png', 'active', '2016-08-26 16:07:34', null, '2016-08-26 16:07:34', null);
INSERT INTO `product_colour` VALUES ('51', 'Internet 150rb Otomatis', '115', 'assets/img/product/volume_base_(quota)/variant/12.png', 'active', '2016-08-26 16:07:36', null, '2016-08-26 16:07:36', null);
INSERT INTO `product_colour` VALUES ('52', 'Internet Volume 300rb', '115', 'assets/img/product/volume_base_(quota)/variant/13.png', 'active', '2016-08-26 16:07:38', null, '2016-08-26 16:07:38', null);

-- ----------------------------
-- Table structure for product_fg_code
-- ----------------------------
DROP TABLE IF EXISTS `product_fg_code`;
CREATE TABLE `product_fg_code` (
  `id` int(255) NOT NULL AUTO_INCREMENT,
  `fg_code` varchar(255) DEFAULT NULL,
  `product_colour_id` int(255) DEFAULT NULL,
  `price` int(255) DEFAULT NULL,
  `description` text,
  `status` enum('inactive','active') DEFAULT 'active',
  `input_date` timestamp NULL DEFAULT CURRENT_TIMESTAMP,
  `input_by` varchar(255) DEFAULT NULL,
  `update_date` timestamp NULL DEFAULT CURRENT_TIMESTAMP,
  `update_by` varchar(255) DEFAULT NULL,
  PRIMARY KEY (`id`),
  UNIQUE KEY `fg_code` (`fg_code`),
  KEY `product_fg_code_product_colour_id` (`product_colour_id`),
  CONSTRAINT `product_fg_code_product_colour_id` FOREIGN KEY (`product_colour_id`) REFERENCES `product_colour` (`id`) ON UPDATE CASCADE
) ENGINE=InnoDB AUTO_INCREMENT=61 DEFAULT CHARSET=utf8;

-- ----------------------------
-- Records of product_fg_code
-- ----------------------------
INSERT INTO `product_fg_code` VALUES ('1', '1800161', '1', '649000', 'Andromax A Hitam', 'active', '2016-08-22 09:21:54', 'System', '2016-08-22 09:21:54', 'System');
INSERT INTO `product_fg_code` VALUES ('3', '2424161', '3', '899000', 'Andromax E2', 'active', '2016-08-22 09:23:02', 'System', '2016-08-22 09:23:02', 'System');
INSERT INTO `product_fg_code` VALUES ('4', '2424162', '4', '999000', 'Andromax E2+', 'active', '2016-08-22 09:23:30', 'System', '2016-08-22 09:23:30', 'System');
INSERT INTO `product_fg_code` VALUES ('5', '1100161', '5', '1699000', 'R2', 'active', '2016-08-22 09:24:11', 'System', '2016-08-22 09:24:11', 'System');
INSERT INTO `product_fg_code` VALUES ('6', '1', '6', '10000', 'Masa Aktif 15 hari', 'active', '2016-08-26 14:26:10', 'System', '2016-08-26 14:26:10', 'System');
INSERT INTO `product_fg_code` VALUES ('7', '2', '7', '20000', null, 'active', '2016-08-26 14:26:10', 'System', '2016-08-26 14:26:10', 'System');
INSERT INTO `product_fg_code` VALUES ('8', '3', '8', '25000', null, 'active', '2016-08-26 14:26:10', 'System', '2016-08-26 14:26:10', 'System');
INSERT INTO `product_fg_code` VALUES ('9', '4', '9', '50000', null, 'active', '2016-08-26 14:26:11', 'System', '2016-08-26 14:26:11', 'System');
INSERT INTO `product_fg_code` VALUES ('10', '5', '10', '60000', null, 'active', '2016-08-26 14:26:11', 'System', '2016-08-26 14:26:11', 'System');
INSERT INTO `product_fg_code` VALUES ('11', '6', '11', '75000', null, 'active', '2016-08-26 14:26:12', 'System', '2016-08-26 14:26:12', 'System');
INSERT INTO `product_fg_code` VALUES ('12', '7', '12', '100000', null, 'active', '2016-08-26 14:26:12', 'System', '2016-08-26 14:26:12', 'System');
INSERT INTO `product_fg_code` VALUES ('13', '8', '13', '150000', null, 'active', '2016-08-26 14:26:12', 'System', '2016-08-26 14:26:12', 'System');
INSERT INTO `product_fg_code` VALUES ('14', '9', '14', '200000', null, 'active', '2016-08-26 14:26:13', 'System', '2016-08-26 14:26:13', 'System');
INSERT INTO `product_fg_code` VALUES ('15', '10', '15', '300000', null, 'active', '2016-08-26 14:26:15', 'System', '2016-08-26 14:26:15', 'System');
INSERT INTO `product_fg_code` VALUES ('16', '11', '16', '500000', null, 'active', '2016-08-26 14:26:17', 'System', '2016-08-26 14:26:17', 'System');
INSERT INTO `product_fg_code` VALUES ('17', '12', '17', '20000', null, 'active', '2016-08-26 15:12:33', 'System', '2016-08-26 15:12:33', 'System');
INSERT INTO `product_fg_code` VALUES ('18', '13', '18', '50000', null, 'active', '2016-08-26 15:12:37', 'System', '2016-08-26 15:12:37', 'System');
INSERT INTO `product_fg_code` VALUES ('19', '14', '19', '60000', null, 'active', '2016-08-26 15:12:45', 'System', '2016-08-26 15:12:45', 'System');
INSERT INTO `product_fg_code` VALUES ('20', '15', '20', '75000', null, 'active', '2016-08-26 15:12:56', 'System', '2016-08-26 15:12:56', 'System');
INSERT INTO `product_fg_code` VALUES ('21', '16', '21', '100000', null, 'active', '2016-08-26 15:12:58', 'System', '2016-08-26 15:12:58', 'System');
INSERT INTO `product_fg_code` VALUES ('22', '17', '22', '150000', null, 'active', '2016-08-26 15:13:01', 'System', '2016-08-26 15:13:01', 'System');
INSERT INTO `product_fg_code` VALUES ('23', '19', '35', '60000', null, 'active', '2016-08-26 15:20:05', 'System', '2016-08-26 15:20:05', 'System');
INSERT INTO `product_fg_code` VALUES ('24', '20', '36', '100000', null, 'active', '2016-08-26 15:20:05', 'System', '2016-08-26 15:20:05', 'System');
INSERT INTO `product_fg_code` VALUES ('25', '21', '37', '200000', null, 'active', '2016-08-26 15:20:07', 'System', '2016-08-26 15:20:07', 'System');
INSERT INTO `product_fg_code` VALUES ('26', '23', '23', '299000', null, 'active', '2016-08-26 15:27:25', 'System', '2016-08-26 15:27:25', 'System');
INSERT INTO `product_fg_code` VALUES ('27', '24', '24', '299000', null, 'active', '2016-08-26 15:27:25', 'System', '2016-08-26 15:27:25', 'System');
INSERT INTO `product_fg_code` VALUES ('28', '25', '25', '10499000', null, 'active', '2016-08-26 15:27:25', 'System', '2016-08-26 15:27:25', 'System');
INSERT INTO `product_fg_code` VALUES ('29', '26', '26', '10499000', null, 'active', '2016-08-26 15:27:25', 'System', '2016-08-26 15:27:25', 'System');
INSERT INTO `product_fg_code` VALUES ('30', '27', '27', '8999000', null, 'active', '2016-08-26 15:27:25', 'System', '2016-08-26 15:27:25', 'System');
INSERT INTO `product_fg_code` VALUES ('31', '28', '28', '1699000', null, 'active', '2016-08-26 15:27:25', 'System', '2016-08-26 15:27:25', 'System');
INSERT INTO `product_fg_code` VALUES ('32', '29', '29', '1999000', null, 'active', '2016-08-26 15:27:25', 'System', '2016-08-26 15:27:25', 'System');
INSERT INTO `product_fg_code` VALUES ('33', '30', '30', '2249000', null, 'active', '2016-08-26 15:27:25', 'System', '2016-08-26 15:27:25', 'System');
INSERT INTO `product_fg_code` VALUES ('34', '31', '31', '1799000', null, 'active', '2016-08-26 15:27:25', 'System', '2016-08-26 15:27:25', 'System');
INSERT INTO `product_fg_code` VALUES ('35', '32', '32', '799000', null, 'active', '2016-08-26 15:27:25', 'System', '2016-08-26 15:27:25', 'System');
INSERT INTO `product_fg_code` VALUES ('36', '33', '33', '2499000', null, 'active', '2016-08-26 15:27:25', 'System', '2016-08-26 15:27:25', 'System');
INSERT INTO `product_fg_code` VALUES ('37', '34', '34', '1999000', null, 'active', '2016-08-26 15:27:25', 'System', '2016-08-26 15:27:25', 'System');
INSERT INTO `product_fg_code` VALUES ('45', '36', '38', '30000', null, 'active', '2016-08-26 16:06:32', 'System', '2016-08-26 16:06:32', 'System');
INSERT INTO `product_fg_code` VALUES ('46', '37', '39', '30001', null, 'active', '2016-08-26 16:06:34', 'System', '2016-08-26 16:06:34', 'System');
INSERT INTO `product_fg_code` VALUES ('47', '38', '40', '12000', null, 'active', '2016-08-26 16:10:34', null, '2016-08-26 16:10:34', null);
INSERT INTO `product_fg_code` VALUES ('48', '39', '41', '12001', null, 'active', '2016-08-26 16:10:35', null, '2016-08-26 16:10:35', null);
INSERT INTO `product_fg_code` VALUES ('49', '40', '42', '25000', null, 'active', '2016-08-26 16:10:36', null, '2016-08-26 16:10:36', null);
INSERT INTO `product_fg_code` VALUES ('50', '41', '43', '25001', null, 'active', '2016-08-26 16:10:37', null, '2016-08-26 16:10:37', null);
INSERT INTO `product_fg_code` VALUES ('51', '42', '44', '50000', null, 'active', '2016-08-26 16:10:38', null, '2016-08-26 16:10:38', null);
INSERT INTO `product_fg_code` VALUES ('52', '43', '45', '50001', null, 'active', '2016-08-26 16:10:39', null, '2016-08-26 16:10:39', null);
INSERT INTO `product_fg_code` VALUES ('53', '44', '46', '60000', null, 'active', '2016-08-26 16:10:40', null, '2016-08-26 16:10:40', null);
INSERT INTO `product_fg_code` VALUES ('54', '45', '47', '60001', null, 'active', '2016-08-26 16:10:41', null, '2016-08-26 16:10:41', null);
INSERT INTO `product_fg_code` VALUES ('55', '46', '48', '100000', null, 'active', '2016-08-26 16:10:42', null, '2016-08-26 16:10:42', null);
INSERT INTO `product_fg_code` VALUES ('56', '47', '49', '100001', null, 'active', '2016-08-26 16:10:45', null, '2016-08-26 16:10:45', null);
INSERT INTO `product_fg_code` VALUES ('57', '48', '50', '150000', null, 'active', '2016-08-26 16:10:46', null, '2016-08-26 16:10:46', null);
INSERT INTO `product_fg_code` VALUES ('58', '49', '51', '150001', null, 'active', '2016-08-26 16:10:48', null, '2016-08-26 16:10:48', null);
INSERT INTO `product_fg_code` VALUES ('59', '50', '52', '300001', null, 'active', '2016-08-26 16:10:50', null, '2016-08-26 16:10:50', null);

-- ----------------------------
-- Table structure for transaction
-- ----------------------------
DROP TABLE IF EXISTS `transaction`;
CREATE TABLE `transaction` (
  `id` bigint(255) NOT NULL AUTO_INCREMENT,
  `customer_name` blob NOT NULL,
  `customer_address` blob NOT NULL,
  `customer_identity_type` blob NOT NULL,
  `customer_identity_number` blob NOT NULL,
  `customer_email` blob NOT NULL,
  `customer_mdn` blob NOT NULL,
  `customer_location_province` blob NOT NULL,
  `customer_location_city` blob NOT NULL,
  `customer_location_district` blob NOT NULL,
  `customer_delivery_address` blob NOT NULL,
  `product_category` varchar(255) NOT NULL,
  `product_name` varchar(255) NOT NULL,
  `product_colour` varchar(255) NOT NULL,
  `product_fg_code` varchar(255) NOT NULL,
  `payment_method` varchar(255) NOT NULL,
  `courier` varchar(255) NOT NULL,
  `courier_package` varchar(255) NOT NULL,
  `delivery_price` decimal(10,0) NOT NULL,
  `refference_number` varchar(255) NOT NULL,
  `input_date` timestamp NOT NULL DEFAULT CURRENT_TIMESTAMP,
  `input_by` varchar(255) NOT NULL,
  `update_date` timestamp NOT NULL DEFAULT CURRENT_TIMESTAMP,
  `update_by` varchar(255) NOT NULL,
  PRIMARY KEY (`id`)
) ENGINE=InnoDB AUTO_INCREMENT=9 DEFAULT CHARSET=latin1;

-- ----------------------------
-- Records of transaction
-- ----------------------------
INSERT INTO `transaction` VALUES ('1', 0x376C6B316656416F544E6975364C354757357739713556726A4558776570477A675177674C397969634E365061367466544F4259347461344136686C5778524C, 0x59794B4E5836395345434D42634B4D4F4D7661703244632B736F4B6164517330617A7439374D784241514F616972544D6976386838576B5A37705A62693244656168577861613030337A4270635A7A5A307A2B434F413D3D, 0x487A377462393563725442674A416C564C44442F4B46466450554E7057747A334D734641714D72784975513D, 0x30767531324C30464A6F4137636C4E666642386577446E4D50346835384C35566754432B454A505770336B3D, 0x4D74464B485949723534774532645351616F6757795A43414165685848764D6B576D5853753339414873704A77764736434D61674F732B484F61414375444B69, 0x35394D6E794273326D3759727A3746486F5971717135554369776D6F792F6935314E777766522F4C6167733D, 0x444B49204A616B61727461, 0x4A616B617274614261726174, 0x4B65632E204261726174, 0x6B53575666764C364B306837337478766E566D6134355A47366F66637A396B49424246717A5737573744577A69536954527A2B6E465A57544B396F39576C756C354C36765966365150366E61686B4F726D72676930513D3D, 'Mifi', 'New Andromax M3Y', 'Black', '23', 'COD', 'Internal', 'COD', '1', '1', '2016-10-07 07:37:12', 'Self Order', '2016-10-07 07:37:12', 'Self Order');
INSERT INTO `transaction` VALUES ('2', 0x587046566E4A68554B53726D6E6E7051764C6C68395A496B6B4E4E504E466A506E457543396B33496F387A63612F5172394E367A7062455853362F6B366D6448, 0x66645152467779584F6157357174613558394C5245694B31734F6B63555562774C63382F522B31684853675A3668783571307762675031306F492B4A4F6E59714E4B35527453594E303339687238734D34586D4C33513D3D, 0x6233317651556869777358682F7248706E4369625942454C2F6F316E6F6A564B765A564969766A6F7763513D, 0x4E754679526C766D4F6E626568777761793062597579485370484B486B6B634C68354772654B326A536D593D, 0x69424D48394C674A497A5746486E3047774976557965725333742B5662744439383938744D6E36437757704F4D302B45357246536E6F456C576A7031466F6255, 0x58753738684A434759664F5A41556D2B3549534F4161505971794E4A6D38695545696C49304451505579733D, 0x444B49204A616B61727461, 0x4A616B617274614261726174, 0x4B65632E204261726174, 0x744B596E6844393269734B6F3042466373352B6370326A633771766C6C70573448756568516B5853456B464D724F5134786C3359686654636B4F4D4F453948344C5973786E6E4F53647275477162584362704D5369773D3D, 'Andromax', 'Andromax A', 'Black', '1800161', 'COD', 'Internal', 'COD', '1', '2', '2016-10-07 07:45:25', 'Self Order', '2016-10-07 07:45:25', 'Self Order');
INSERT INTO `transaction` VALUES ('3', 0x5A387757786E6358754C4A656832794B50726A76622F7A79694643333745703272515238457764712F374D3D, 0x6F31324542564C61396F5879395A756968653833756F463273473861684F4D2B427756334A766E6253572F4831544C324E2B4B3974546833466E4C5970394B44, 0x3069763131633770394F383052736735764145456B3478674F6B31624445566845534978374C54706634733D, 0x396D5074646165727759714D52594A35676936754E7A72564937462F784F4A633555614F2B466461416C453D, 0x554C67454C6E5576304C50784A504F7867566C43334A5432703069725237365559513875643838582B52357A52527935345A4C4B346B396D723366623077576B, 0x7A46397933655A68716C466B4E6B747731685062656B5461377770697833433757366C34465449617578413D, 0x444B49204A616B61727461, 0x4A616B617274614261726174, 0x4B65632E204261726174, 0x4F6855545547337176426964435174524956414B646D6A2B6B345234684C494D42776A3256666143442F4C47725969486B6769507757707075782F782B68586F2F747648414A797468324744614D4D684A3434454F34593562567A6B596A4A614469657834322B6F317A61466D55586A484242752F386255386D354339545770, 'Andromax', 'Andromax E2', 'Black', '2424161', 'Bank Transfer', 'GED', 'Reguler', '100', '1610073', '2016-10-07 07:50:28', 'Self Order', '2016-10-07 07:50:28', 'Self Order');
INSERT INTO `transaction` VALUES ('4', 0x412B45726C4F464E64414156414F5635674D57622B355A4365714E534F3364382F657731642F397A34514E7248674F5A7573796D4B6B5A754D73467962764851, 0x784E4D68495342374A544B536F346344796D656E4E43725A523459706B482B7A56474474486A3030686C3735776D322B445966726C31664F5830484B5278324162397568702B4B6B6D57752B5142394E6A4C566D39773D3D, 0x59573238624C4B702F50325936466379514A6D2F505A74376C393133694C5A794550466A4369782F5548733D, 0x4C426A314C76616941645043427A6956506C32693553764A4C66526C38346B58332F34426363432F732F6F3D, 0x41424E776677354B6B5558395371435177524E6B756F2B70626E3548745A6E693974624256566734773536714859695967504D6774633230623155594C79464A, 0x4D314633612F2F6C5950366C454848426E744679466173335648644646356A6D57524C3938795A723741303D, 0x444B49204A616B61727461, 0x4A616B617274614261726174, 0x4B65632E204261726174, 0x344C754D70666A6149626757784F4C75345965726E4B717A655974336571516D6F316459347367676F49633D, 'Smartphone', 'Samsung Galaxy S7 Edge', 'Gold', '25', 'COD', 'Internal', 'COD', '1', '1610074', '2016-10-07 08:57:10', 'Self Order', '2016-10-07 08:57:10', 'Self Order');
INSERT INTO `transaction` VALUES ('5', 0x61616D477A534D555262386C68493651414F77586B6A54366B4B766B4A4B38702F4177797369636C527870594C494C3345686C6F4F505574632F6D646D58554D, 0x674A32526D58573254576B6F6C6D4164782B46343470613466347676457A614255717153736162576F7371344531523445726B342F424D6F343566502B316A744A6C47493037544A7458632F6C47636E3245484A4D413D3D, 0x39436B6A5A4B3552353336655A794F6258304C5753714A32365154714672305A73625939772F4A424245673D, 0x2B726A454F343661665A5838756137694A4D3373612B636D7963664770656C373430307A43662F45306A343D, 0x657734544D6E4456774672696D6E746653726B717130596537572B7853526261534356716E5575634E696C4C4C7A6A2B2F4C4A6E4D49577339415A726B4E3466, 0x33786C79784C5649766B6F5647324333756B386D5877426259496753363065476644726277464E657043343D, 0x444B49204A616B61727461, 0x4A616B617274614261726174, 0x4B65632E204261726174, 0x624B65592F7251686D354A6E396F683137626674364E536458367643754A4352352B4356644A6B667335773D, 'Smartphone', 'Samsung Galaxy S7 Edge', 'Gold', '25', 'COD', 'Internal', 'COD', '1', '1610075', '2016-10-07 09:06:42', 'Self Order', '2016-10-07 09:06:42', 'Self Order');
INSERT INTO `transaction` VALUES ('6', 0x4136776935594935316B336D637678464C7255656C6D39784E73416556465235316D3553795A7056586F506D57774250435A4E352F426631784675642B5A6570, 0x51413175464E6E56497634547253426B73564A5168746659466A4654695547524C2B446F554673656530654657494E4F64332F6F436E615766784B7A6E684F6E31567531353434566572756B50313673776D46616F513D3D, 0x5344735A595871557469505141727950543245483976454968572F6F4E6856653242574E6955736C2F53493D, 0x774B5755366564412B59424E7A6E51645431727042445455707549544B3262326767773244394D633941453D, 0x75695A4B48427A54397061336334393356766F5542557750695868777174634C6475767731657A637449364175327A5367566739564A476278315336446C6B65, 0x78726D4162636370512F396C574A4E4A432B574D6D2F6D2B4D696C705746774C7335637650794C7A7045513D, 0x444B49204A616B61727461, 0x4A616B617274614261726174, 0x4B65632E204261726174, 0x784A68364453596153745630776B34665433387939796658395A4A48645832767A625644793342396945476438584E6D77723451546E506C494951506247392F, 'Smartphone', 'Samsung Galaxy S7 Edge', 'Gold', '25', 'Bank Transfer', 'GED', 'Reguler', '10000', '1610076', '2016-10-07 09:07:29', 'Self Order', '2016-10-07 09:07:29', 'Self Order');
INSERT INTO `transaction` VALUES ('7', 0x6F484745474E766543566F6E324F6350715041427454584F6C4A4A45456A763844674E3279536A447646697A736A2B496548775276736A7732784E6F2B78566E, 0x736F65653778466A6B6A3874614C623838786450764D2B6A334B366D506867717A7A48655576444E69546276775955584C5533444372346A4449416E614F746341486E57655A31357238786F50454B326650435051673D3D, 0x594E4E63356269644162644439724C45353475553232706F4675513433556E70486462315342587767676F3D, 0x6755716B7A4849514355682B6C4248746378567A6E51724475544D664743614F71697A39734634424C336B3D, 0x6A48714575466C744545334C506F6F6D4A345A66504E504F50617956664671506C69666359587442363256706F7666612F475A6974372F394861676554324135, 0x6A45454E4D6D4C6A55304A6D5A38317772325651734F6670307555506F4B33586B3134684C783630454A6F3D, 0x444B49204A616B61727461, 0x4A616B617274614261726174, 0x4B65632E204261726174, 0x69726C7473387353507165773771712B766E535065614978564B6F5A473972434F3757653377384D514A6E5265774E4A4A4142713971577A5548547875586A6E, 'Smartphone', 'Samsung Galaxy S7 Edge', 'Gold', '25', 'Bank Transfer', 'GED', 'Reguler', '10000', '1610077', '2016-10-07 09:09:07', 'Self Order', '2016-10-07 09:09:07', 'Self Order');
INSERT INTO `transaction` VALUES ('8', 0x6830374F78454953743057434B6A535172777153594868764D7667665A64343862396D6753363831697853444A476C49723730576165514B6D725447386D596B, 0x516664423670677132323542576A6D6F7158646F795656533933694E314E333659732B3678595348426461672F5759493062687A68746D4A6A6F54594146304E694E654145706779567347316D42586D646C656566413D3D, 0x4F54377A4E45336B30656647723074317870466143726737787176446E58574D746B6669757559513033383D, 0x745449504571597375416C74674C7835535A74344D4E3139356548442B416D6E3361634D7A367645536B553D, 0x68324B7978644F6F30384630674974304E6F2F4A446E464C3852657A2F4565507876594339504356724143596B6962683273336F5552466D59564B3366616E4E, 0x56786D3635566E48717A2B4E667A56594457726E793553777839527937337335646262734F574A77694E453D, 0x444B49204A616B61727461, 0x4A616B617274614261726174, 0x4B65632E204261726174, 0x674344664370656F446F54443059764178512B342F67574678364C643162526E776F575444326B62414E495356685664354C467330344F365174424551434D42, 'Smartphone', 'Samsung Galaxy S7 Edge', 'Gold', '25', 'COD', 'Internal', 'COD', '1', '1610078', '2016-10-07 09:23:21', 'Self Order', '2016-10-07 09:23:21', 'Self Order');

-- ----------------------------
-- Table structure for transaction-old
-- ----------------------------
DROP TABLE IF EXISTS `transaction-old`;
CREATE TABLE `transaction-old` (
  `prefix_id` varchar(255) NOT NULL DEFAULT 'DOTS',
  `id` int(255) NOT NULL AUTO_INCREMENT,
  `customer_info_id` int(255) DEFAULT NULL,
  `product_fg_code_id` int(255) DEFAULT NULL,
  `qty` int(255) DEFAULT NULL,
  `total_price_category_id` int(255) DEFAULT NULL,
  `payment_method_id` int(255) DEFAULT NULL,
  `input_date` timestamp NULL DEFAULT CURRENT_TIMESTAMP,
  `input_by` varchar(255) DEFAULT NULL,
  `update_date` timestamp NULL DEFAULT CURRENT_TIMESTAMP,
  `update_by` varchar(255) DEFAULT NULL,
  PRIMARY KEY (`id`),
  KEY `transaction_customer_info_id` (`customer_info_id`),
  KEY `transaction_product_fg_code_id` (`product_fg_code_id`),
  KEY `transaction_payment_type_id` (`payment_method_id`),
  KEY `transaction_total_price_category_id` (`total_price_category_id`),
  CONSTRAINT `transaction_customer_info_id` FOREIGN KEY (`customer_info_id`) REFERENCES `customer_info` (`id`) ON UPDATE CASCADE,
  CONSTRAINT `transaction_payment_type_id` FOREIGN KEY (`payment_method_id`) REFERENCES `payment_method` (`id`) ON UPDATE CASCADE,
  CONSTRAINT `transaction_product_fg_code_id` FOREIGN KEY (`product_fg_code_id`) REFERENCES `product_fg_code` (`id`) ON UPDATE CASCADE,
  CONSTRAINT `transaction_total_price_category_id` FOREIGN KEY (`total_price_category_id`) REFERENCES `courier_ged_price_category` (`id`) ON UPDATE CASCADE
) ENGINE=InnoDB AUTO_INCREMENT=34 DEFAULT CHARSET=utf8;

-- ----------------------------
-- Records of transaction-old
-- ----------------------------
INSERT INTO `transaction-old` VALUES ('DOTS', '1', '3', '1', '10', null, null, '2016-08-23 03:58:43', 'System', '2016-08-23 10:58:43', 'System');
INSERT INTO `transaction-old` VALUES ('DOTS', '2', '4', '4', '21', null, null, '2016-08-23 03:59:35', 'System', '2016-08-23 10:59:35', 'System');
INSERT INTO `transaction-old` VALUES ('DOTS', '3', '5', '1', '9', null, null, '2016-08-23 11:04:30', 'System', '2016-08-23 18:04:30', 'System');
INSERT INTO `transaction-old` VALUES ('DOTS', '4', '7', '1', '1', null, '1', '2016-08-24 03:15:20', 'System', '2016-08-24 10:15:20', 'System');
INSERT INTO `transaction-old` VALUES ('DOTS', '5', '11', '1', '1', null, '1', '2016-08-24 03:25:03', 'System', '2016-08-24 10:25:03', 'System');
INSERT INTO `transaction-old` VALUES ('DOTS', '6', '12', '1', '1', null, '1', '2016-08-24 03:25:59', 'System', '2016-08-24 10:25:59', 'System');
INSERT INTO `transaction-old` VALUES ('DOTS', '7', '13', '1', '1', null, '1', '2016-08-24 03:26:41', 'System', '2016-08-24 10:26:41', 'System');
INSERT INTO `transaction-old` VALUES ('DOTS', '8', '14', '1', '2', null, '2', '2016-08-26 10:15:00', 'System', '2016-08-26 17:15:00', 'System');
INSERT INTO `transaction-old` VALUES ('DOTS', '9', '15', '6', '1', null, '1', '2016-08-26 10:18:38', 'System', '2016-08-26 17:18:38', 'System');
INSERT INTO `transaction-old` VALUES ('DOTS', '10', '16', '1', '1', null, '1', '2016-08-26 14:45:10', 'System', '2016-08-26 21:45:10', 'System');
INSERT INTO `transaction-old` VALUES ('DOTS', '11', '17', '26', '1', null, '1', '2016-08-29 03:21:49', 'System', '2016-08-29 10:21:49', 'System');
INSERT INTO `transaction-old` VALUES ('DOTS', '12', '18', '1', '1', null, null, '2016-08-29 13:13:58', 'System', '2016-08-29 20:13:58', 'System');
INSERT INTO `transaction-old` VALUES ('DOTS', '13', '19', '1', '1', null, null, '2016-08-30 02:23:21', 'System', '2016-08-30 09:23:21', 'System');
INSERT INTO `transaction-old` VALUES ('DOTS', '14', '20', '1', '1', null, null, '2016-08-30 02:25:05', 'System', '2016-08-30 09:25:05', 'System');
INSERT INTO `transaction-old` VALUES ('DOTS', '15', '21', '3', '2', null, '1', '2016-08-30 02:55:29', 'System', '2016-08-30 09:55:29', 'System');
INSERT INTO `transaction-old` VALUES ('DOTS', '16', '22', '26', '1', null, '1', '2016-08-30 03:05:52', 'System', '2016-08-30 10:05:52', 'System');
INSERT INTO `transaction-old` VALUES ('DOTS', '17', '23', '26', '1', null, '1', '2016-08-30 03:10:08', 'System', '2016-08-30 10:10:08', 'System');
INSERT INTO `transaction-old` VALUES ('DOTS', '18', '24', '3', '1', null, '2', '2016-08-30 04:47:58', 'System', '2016-08-30 11:47:58', 'System');
INSERT INTO `transaction-old` VALUES ('DOTS', '19', '25', '4', '1', null, '2', '2016-09-01 06:45:32', 'System', '2016-09-01 13:45:32', 'System');
INSERT INTO `transaction-old` VALUES ('DOTS', '20', '26', '1', '1', null, '1', '2016-09-01 06:47:32', 'System', '2016-09-01 13:47:32', 'System');
INSERT INTO `transaction-old` VALUES ('DOTS', '21', '27', '4', '1', null, '1', '2016-09-01 06:48:39', 'System', '2016-09-01 13:48:39', 'System');
INSERT INTO `transaction-old` VALUES ('DOTS', '22', '29', '1', '1', null, '1', '2016-09-02 02:05:50', 'System', '2016-09-02 09:05:50', 'System');
INSERT INTO `transaction-old` VALUES ('DOTS', '23', '30', '1', '1', null, '1', '2016-09-02 02:07:02', 'System', '2016-09-02 09:07:02', 'System');
INSERT INTO `transaction-old` VALUES ('DOTS', '24', '31', '1', '1', null, '1', '2016-09-02 02:09:44', 'System', '2016-09-02 09:09:44', 'System');
INSERT INTO `transaction-old` VALUES ('DOTS', '25', '32', '31', '1', null, '1', '2016-09-02 02:20:27', 'System', '2016-09-02 09:20:27', 'System');
INSERT INTO `transaction-old` VALUES ('DOTS', '26', '33', '1', '1', null, '1', '2016-09-02 06:40:24', 'System', '2016-09-02 13:40:25', 'System');
INSERT INTO `transaction-old` VALUES ('DOTS', '27', '34', '4', '1', null, '1', '2016-09-02 06:43:25', 'System', '2016-09-02 13:43:25', 'System');
INSERT INTO `transaction-old` VALUES ('DOTS', '28', '35', '1', '1', null, '1', '2016-09-02 11:12:58', 'System', '2016-09-02 18:12:58', 'System');
INSERT INTO `transaction-old` VALUES ('DOTS', '29', '36', '3', '3', null, '2', '2016-09-05 05:09:58', 'System', '2016-09-05 12:09:58', 'System');
INSERT INTO `transaction-old` VALUES ('DOTS', '30', '37', '5', '1', '2', '1', '2016-09-05 05:11:29', 'System', '2016-09-05 12:11:29', 'System');
INSERT INTO `transaction-old` VALUES ('DOTS', '31', '38', '3', '1', '1', '1', '2016-09-24 01:15:39', 'System', '2016-09-24 08:15:39', 'System');
INSERT INTO `transaction-old` VALUES ('DOTS', '32', '40', '3', '1', '1', '1', '2016-09-27 08:40:23', 'System', '2016-09-27 15:40:47', 'System');
INSERT INTO `transaction-old` VALUES ('DOTS', '33', '41', '4', '1', '1', '1', '2016-09-27 09:14:21', 'System', '2016-09-27 16:14:45', 'System');

-- ----------------------------
-- Table structure for transaction_status
-- ----------------------------
DROP TABLE IF EXISTS `transaction_status`;
CREATE TABLE `transaction_status` (
  `id` bigint(255) NOT NULL AUTO_INCREMENT,
  `transaction_id` bigint(255) NOT NULL,
  `status` varchar(255) DEFAULT NULL,
  `input_date` timestamp NULL DEFAULT CURRENT_TIMESTAMP,
  `input_by` varchar(255) DEFAULT NULL,
  `update_date` timestamp NULL DEFAULT CURRENT_TIMESTAMP,
  `update_by` varchar(255) DEFAULT NULL,
  PRIMARY KEY (`id`),
  KEY `transaction_status` (`transaction_id`),
  CONSTRAINT `transaction_status` FOREIGN KEY (`transaction_id`) REFERENCES `transaction` (`id`) ON UPDATE CASCADE
) ENGINE=InnoDB AUTO_INCREMENT=4 DEFAULT CHARSET=latin1;

-- ----------------------------
-- Records of transaction_status
-- ----------------------------
INSERT INTO `transaction_status` VALUES ('1', '5', 'Order Received', '2016-10-07 16:06:42', null, '2016-10-07 16:06:42', null);
INSERT INTO `transaction_status` VALUES ('2', '7', 'Order Received', '2016-10-07 16:09:08', 'Self Order', '2016-10-07 16:09:08', 'Self Order');
INSERT INTO `transaction_status` VALUES ('3', '8', 'Order Received', '2016-10-07 16:23:21', 'Self Order', '2016-10-07 16:23:21', 'Self Order');

-- ----------------------------
-- Table structure for users
-- ----------------------------
DROP TABLE IF EXISTS `users`;
CREATE TABLE `users` (
  `id` int(255) NOT NULL AUTO_INCREMENT,
  `email` varchar(255) NOT NULL,
  `password` varchar(255) NOT NULL,
  `role_id` int(11) DEFAULT NULL,
  `remember_token` varchar(255) DEFAULT NULL,
  `status` enum('active','inactive') DEFAULT 'active',
  `input_date` timestamp NULL DEFAULT CURRENT_TIMESTAMP,
  `input_by` varchar(255) DEFAULT NULL,
  `update_date` timestamp NULL DEFAULT CURRENT_TIMESTAMP,
  `update_by` varchar(255) DEFAULT NULL,
  PRIMARY KEY (`id`),
  UNIQUE KEY `email` (`email`),
  KEY `user_role_id` (`role_id`),
  CONSTRAINT `user_role_id` FOREIGN KEY (`role_id`) REFERENCES `user_roles` (`id`) ON UPDATE CASCADE
) ENGINE=InnoDB AUTO_INCREMENT=9 DEFAULT CHARSET=latin1;

-- ----------------------------
-- Records of users
-- ----------------------------
INSERT INTO `users` VALUES ('1', 'taufiq.putra@smartfren.com', '$2y$10$RJaeSZyuDmbrT/RyJwgDFuJTe.nxml9M04mtsy5s0r0TkpVmDr7ja', '1', 'vamC7UBXjoUp1IhXpmOqRSQmfQ9D4CaGRQ7eOVzCPm60q0TfYmmqieiM3SNM', 'active', '2016-09-19 07:51:50', 'Self Registration', '2016-09-19 14:51:50', 'Self Registration');
INSERT INTO `users` VALUES ('3', 'TOPPunofficials@smartfren.com', '$2y$10$PMOBgLzi2FfgfISoCie/1egdzjpa.QpPEo8fr6mNgnfGgyy05LtG.', '2', '3uv4i244XNo8X1hQxELNJYKaJHbODD4R01JA1Hnz4Fu8x4BP1HUhtX9XgvRl', 'active', '2016-09-19 14:41:58', 'Self Registration', '2016-09-19 21:41:58', 'Self Registration');
INSERT INTO `users` VALUES ('4', 'yogipunx@yahoo.co.uk', '$2y$10$FaMfzrkkZ8bakPiRhdesqeY1UMU6gIbsGuVUkEekJ.HKJYgay6PuO', '1', '6fJGEyqvxJnsDyadu4TkUmnj5fLe3puvABnOxUJYIgFgGcmsxtluwF2gx1Vm', 'active', '2016-09-20 10:41:40', 'Self Registration', '2016-09-21 07:05:30', 'taufiq.putra@smartfren.com');
INSERT INTO `users` VALUES ('8', 'test@tist.com', '$2y$10$4nYCmmWU0MfuR1vp.9n30eLUCe62iABv.wPjEs2irThbOLd.WQZ2C', '1', null, 'active', '2016-09-21 07:04:46', 'taufiq.putra@smartfren.com', '2016-09-21 07:04:46', 'taufiq.putra@smartfren.com');

-- ----------------------------
-- Table structure for user_roles
-- ----------------------------
DROP TABLE IF EXISTS `user_roles`;
CREATE TABLE `user_roles` (
  `id` int(11) NOT NULL AUTO_INCREMENT,
  `name` varchar(255) DEFAULT NULL,
  `input_date` timestamp NULL DEFAULT CURRENT_TIMESTAMP,
  `input_by` varchar(255) DEFAULT NULL,
  `update_date` timestamp NULL DEFAULT CURRENT_TIMESTAMP,
  `update_by` varchar(255) DEFAULT NULL,
  PRIMARY KEY (`id`)
) ENGINE=InnoDB AUTO_INCREMENT=3 DEFAULT CHARSET=latin1;

-- ----------------------------
-- Records of user_roles
-- ----------------------------
INSERT INTO `user_roles` VALUES ('1', 'Administrator', '2016-09-16 17:34:11', 'System', '2016-09-16 17:34:11', 'System');
INSERT INTO `user_roles` VALUES ('2', 'Customer', '2016-09-16 17:34:23', 'System', '2016-09-16 17:34:23', 'System');

-- ----------------------------
-- View structure for view_active_location
-- ----------------------------
DROP VIEW IF EXISTS `view_active_location`;
CREATE ALGORITHM=UNDEFINED DEFINER=`root`@`localhost` SQL SECURITY DEFINER  VIEW `view_active_location` AS SELECT
	province.id AS province_id,
	city.id AS city_id,
	district.id AS district_id,
	province.`name` AS province,
	city.`name` AS city,
	district.`name` AS district
FROM location_province province
LEFT JOIN location_city city ON city.province_id=province.id
LEFT JOIN location_district district ON district.city_id=city.id
LEFT JOIN courier_location_mapping ON courier_location_mapping.location_district_id = district.id
LEFT JOIN payment_method_location_mapping ON payment_method_location_mapping.location_district_id = district.id
WHERE
	city.`name` IS NOT NULL
	AND
	district.`name` IS NOT NULL
	AND
	province.`status` = "active"
	AND
	city.`status` = "active"
	AND
	district.`status` = "active"
	AND
	courier_location_mapping.courier_package_id IS NOT NULL
	AND
	payment_method_location_mapping.payment_method_id IS NOT NULL
GROUP BY
	province_id,
	city_id,
	district_id,
	province,
	city,
	district ;

-- ----------------------------
-- View structure for view_active_product
-- ----------------------------
DROP VIEW IF EXISTS `view_active_product`;
CREATE ALGORITHM=UNDEFINED DEFINER=`root`@`localhost` SQL SECURITY DEFINER  VIEW `view_active_product` AS SELECT
	product_category.id AS category_id,
	product.id AS product_id,
	product_colour.id AS colour_id,
	product_fg_code.id AS fg_code_id,
	product_category.`name` AS category,
	product.`name` AS product,
	product_colour.`name` AS colour,
	product_fg_code.fg_code AS fg_code,
	product.image_url AS product_image_url,
	product_colour.image_url AS colour_image_url,
	product.description AS product_description,
	product_fg_code.price AS price
FROM `product_category`
LEFT JOIN product ON product.category_id = product_category.id
LEFT JOIN product_colour ON product_colour.product_id = product.id
LEFT JOIN product_fg_code ON product_fg_code.product_colour_id = product_colour.id
WHERE
	product_category.`status`="active"
	AND
	product.`status`="active"
	AND
	product_colour.`status`="active"
	AND
	product_fg_code.`status`="active"
	AND
	product.`name` IS NOT NULL
	AND
	product_colour.`name` IS NOT NULL
	AND
	product_fg_code.fg_code IS NOT NULL ;

-- ----------------------------
-- View structure for view_location
-- ----------------------------
DROP VIEW IF EXISTS `view_location`;
CREATE ALGORITHM=UNDEFINED DEFINER=`root`@`localhost` SQL SECURITY DEFINER  VIEW `view_location` AS SELECT
	province.id AS province_id,
	city.id AS city_id,
	district.id AS district_id,
	province.`name` AS province,
	city.`name` AS city,
	district.`name` AS district
FROM location_province province
LEFT JOIN location_city city ON city.province_id=province.id
LEFT JOIN location_district district ON district.city_id=city.id
WHERE
    city.`name` IS NOT NULL
    AND
    district.`name` IS NOT NULL ;
